scenario_id,sample,target_variable,horizon,location,value
C,1,inc infection,1 wk,AT,43766
C,1,inc case,1 wk,AT,23382
C,1,inc infection,2 wk,AT,7051
C,1,inc case,2 wk,AT,13540
C,1,inc infection,3 wk,AT,3431
C,1,inc case,3 wk,AT,2208
C,1,inc infection,4 wk,AT,2161
C,1,inc case,4 wk,AT,1070
C,1,inc infection,5 wk,AT,1586
C,1,inc case,5 wk,AT,683
C,1,inc infection,6 wk,AT,1277
C,1,inc case,6 wk,AT,528
C,1,inc infection,7 wk,AT,1276
C,1,inc case,7 wk,AT,460
C,1,inc infection,8 wk,AT,2480
C,1,inc case,8 wk,AT,445
C,1,inc infection,9 wk,AT,3768
C,1,inc case,9 wk,AT,969
C,1,inc infection,10 wk,AT,5014
C,1,inc case,10 wk,AT,1380
C,1,inc infection,11 wk,AT,5336
C,1,inc case,11 wk,AT,1788
C,1,inc infection,12 wk,AT,5571
C,1,inc case,12 wk,AT,1906
C,1,inc infection,13 wk,AT,5422
C,1,inc case,13 wk,AT,1948
C,1,inc infection,14 wk,AT,5221
C,1,inc case,14 wk,AT,1907
C,1,inc infection,15 wk,AT,6890
C,1,inc case,15 wk,AT,1796
C,1,inc infection,16 wk,AT,6862
C,1,inc case,16 wk,AT,2526
C,1,inc infection,17 wk,AT,7979
C,1,inc case,17 wk,AT,2365
C,1,inc infection,18 wk,AT,10880
C,1,inc case,18 wk,AT,2895
C,1,inc infection,19 wk,AT,17340
C,1,inc case,19 wk,AT,3950
C,1,inc infection,20 wk,AT,38174
C,1,inc case,20 wk,AT,6428
C,1,inc infection,21 wk,AT,109313
C,1,inc case,21 wk,AT,14589
C,1,inc infection,22 wk,AT,356941
C,1,inc case,22 wk,AT,42604
C,1,inc infection,23 wk,AT,1001788
C,1,inc case,23 wk,AT,140593
C,1,inc infection,24 wk,AT,1812629
C,1,inc case,24 wk,AT,392628
C,1,inc infection,25 wk,AT,1386997
C,1,inc case,25 wk,AT,672950
C,1,inc infection,26 wk,AT,535077
C,1,inc case,26 wk,AT,434821
C,1,inc infection,27 wk,AT,177483
C,1,inc case,27 wk,AT,152319
C,1,inc infection,28 wk,AT,74338
C,1,inc case,28 wk,AT,51004
C,1,inc infection,29 wk,AT,44972
C,1,inc case,29 wk,AT,22965
C,1,inc infection,30 wk,AT,37312
C,1,inc case,30 wk,AT,14695
C,1,inc infection,31 wk,AT,39945
C,1,inc case,31 wk,AT,13216
C,1,inc infection,32 wk,AT,47589
C,1,inc case,32 wk,AT,13897
C,1,inc infection,33 wk,AT,64464
C,1,inc case,33 wk,AT,17205
C,1,inc infection,34 wk,AT,99203
C,1,inc case,34 wk,AT,23707
C,1,inc infection,35 wk,AT,162524
C,1,inc case,35 wk,AT,36552
C,1,inc infection,36 wk,AT,273276
C,1,inc case,36 wk,AT,60519
C,1,inc infection,37 wk,AT,424268
C,1,inc case,37 wk,AT,102116
C,1,inc infection,38 wk,AT,543086
C,1,inc case,38 wk,AT,156170
C,1,inc infection,39 wk,AT,585344
C,1,inc case,39 wk,AT,194949
C,1,inc infection,40 wk,AT,501866
C,1,inc case,40 wk,AT,206183
C,1,inc infection,41 wk,AT,352941
C,1,inc case,41 wk,AT,168805
C,1,inc infection,42 wk,AT,228127
C,1,inc case,42 wk,AT,116157
C,1,inc infection,43 wk,AT,149888
C,1,inc case,43 wk,AT,74624
C,1,inc infection,44 wk,AT,89775
C,1,inc case,44 wk,AT,48818
C,1,inc hosp,1 wk,AT,37
C,1,inc icu,1 wk,AT,4
C,1,inc hosp,2 wk,AT,37
C,1,inc icu,2 wk,AT,4
C,1,inc hosp,3 wk,AT,13
C,1,inc icu,3 wk,AT,2
C,1,inc hosp,4 wk,AT,4
C,1,inc icu,4 wk,AT,1
C,1,inc hosp,5 wk,AT,2
C,1,inc icu,5 wk,AT,0
C,1,inc hosp,6 wk,AT,1
C,1,inc icu,6 wk,AT,0
C,1,inc hosp,7 wk,AT,1
C,1,inc icu,7 wk,AT,0
C,1,inc hosp,8 wk,AT,1
C,1,inc icu,8 wk,AT,0
C,1,inc hosp,9 wk,AT,1
C,1,inc icu,9 wk,AT,0
C,1,inc hosp,10 wk,AT,2
C,1,inc icu,10 wk,AT,0
C,1,inc hosp,11 wk,AT,3
C,1,inc icu,11 wk,AT,0
C,1,inc hosp,12 wk,AT,4
C,1,inc icu,12 wk,AT,0
C,1,inc hosp,13 wk,AT,5
C,1,inc icu,13 wk,AT,0
C,1,inc hosp,14 wk,AT,4
C,1,inc icu,14 wk,AT,0
C,1,inc hosp,15 wk,AT,4
C,1,inc icu,15 wk,AT,0
C,1,inc hosp,16 wk,AT,5
C,1,inc icu,16 wk,AT,0
C,1,inc hosp,17 wk,AT,6
C,1,inc icu,17 wk,AT,0
C,1,inc hosp,18 wk,AT,6
C,1,inc icu,18 wk,AT,1
C,1,inc hosp,19 wk,AT,8
C,1,inc icu,19 wk,AT,1
C,1,inc hosp,20 wk,AT,12
C,1,inc icu,20 wk,AT,1
C,1,inc hosp,21 wk,AT,23
C,1,inc icu,21 wk,AT,1
C,1,inc hosp,22 wk,AT,61
C,1,inc icu,22 wk,AT,3
C,1,inc hosp,23 wk,AT,199
C,1,inc icu,23 wk,AT,10
C,1,inc hosp,24 wk,AT,621
C,1,inc icu,24 wk,AT,32
C,1,inc hosp,25 wk,AT,1511
C,1,inc icu,25 wk,AT,87
C,1,inc hosp,26 wk,AT,1772
C,1,inc icu,26 wk,AT,145
C,1,inc hosp,27 wk,AT,932
C,1,inc icu,27 wk,AT,124
C,1,inc hosp,28 wk,AT,345
C,1,inc icu,28 wk,AT,66
C,1,inc hosp,29 wk,AT,131
C,1,inc icu,29 wk,AT,27
C,1,inc hosp,30 wk,AT,66
C,1,inc icu,30 wk,AT,11
C,1,inc hosp,31 wk,AT,46
C,1,inc icu,31 wk,AT,6
C,1,inc hosp,32 wk,AT,46
C,1,inc icu,32 wk,AT,4
C,1,inc hosp,33 wk,AT,53
C,1,inc icu,33 wk,AT,4
C,1,inc hosp,34 wk,AT,69
C,1,inc icu,34 wk,AT,5
C,1,inc hosp,35 wk,AT,103
C,1,inc icu,35 wk,AT,7
C,1,inc hosp,36 wk,AT,169
C,1,inc icu,36 wk,AT,11
C,1,inc hosp,37 wk,AT,298
C,1,inc icu,37 wk,AT,19
C,1,inc hosp,38 wk,AT,510
C,1,inc icu,38 wk,AT,34
C,1,inc hosp,39 wk,AT,747
C,1,inc icu,39 wk,AT,54
C,1,inc hosp,40 wk,AT,901
C,1,inc icu,40 wk,AT,72
C,1,inc hosp,41 wk,AT,910
C,1,inc icu,41 wk,AT,81
C,1,inc hosp,42 wk,AT,725
C,1,inc icu,42 wk,AT,75
C,1,inc hosp,43 wk,AT,492
C,1,inc icu,43 wk,AT,57
C,1,inc hosp,44 wk,AT,323
C,1,inc icu,44 wk,AT,39
C,2,inc infection,1 wk,AT,44375
C,2,inc case,1 wk,AT,23840
C,2,inc infection,2 wk,AT,7312
C,2,inc case,2 wk,AT,13738
C,2,inc infection,3 wk,AT,3640
C,2,inc case,3 wk,AT,2215
C,2,inc infection,4 wk,AT,2085
C,2,inc case,4 wk,AT,1171
C,2,inc infection,5 wk,AT,1227
C,2,inc case,5 wk,AT,676
C,2,inc infection,6 wk,AT,1120
C,2,inc case,6 wk,AT,387
C,2,inc infection,7 wk,AT,1559
C,2,inc case,7 wk,AT,404
C,2,inc infection,8 wk,AT,2488
C,2,inc case,8 wk,AT,607
C,2,inc infection,9 wk,AT,3909
C,2,inc case,9 wk,AT,842
C,2,inc infection,10 wk,AT,4791
C,2,inc case,10 wk,AT,1498
C,2,inc infection,11 wk,AT,5337
C,2,inc case,11 wk,AT,1712
C,2,inc infection,12 wk,AT,5631
C,2,inc case,12 wk,AT,1841
C,2,inc infection,13 wk,AT,6052
C,2,inc case,13 wk,AT,2055
C,2,inc infection,14 wk,AT,6094
C,2,inc case,14 wk,AT,2093
C,2,inc infection,15 wk,AT,6093
C,2,inc case,15 wk,AT,2176
C,2,inc infection,16 wk,AT,6347
C,2,inc case,16 wk,AT,2177
C,2,inc infection,17 wk,AT,8250
C,2,inc case,17 wk,AT,2159
C,2,inc infection,18 wk,AT,11259
C,2,inc case,18 wk,AT,3031
C,2,inc infection,19 wk,AT,17545
C,2,inc case,19 wk,AT,4170
C,2,inc infection,20 wk,AT,38055
C,2,inc case,20 wk,AT,6378
C,2,inc infection,21 wk,AT,109180
C,2,inc case,21 wk,AT,14791
C,2,inc infection,22 wk,AT,346230
C,2,inc case,22 wk,AT,42506
C,2,inc infection,23 wk,AT,975021
C,2,inc case,23 wk,AT,135829
C,2,inc infection,24 wk,AT,1846440
C,2,inc case,24 wk,AT,381581
C,2,inc infection,25 wk,AT,1484958
C,2,inc case,25 wk,AT,690556
C,2,inc infection,26 wk,AT,590685
C,2,inc case,26 wk,AT,471063
C,2,inc infection,27 wk,AT,203814
C,2,inc case,27 wk,AT,169186
C,2,inc infection,28 wk,AT,85509
C,2,inc case,28 wk,AT,58461
C,2,inc infection,29 wk,AT,50229
C,2,inc case,29 wk,AT,26388
C,2,inc infection,30 wk,AT,38782
C,2,inc case,30 wk,AT,16507
C,2,inc infection,31 wk,AT,38582
C,2,inc case,31 wk,AT,13196
C,2,inc infection,32 wk,AT,43578
C,2,inc case,32 wk,AT,13540
C,2,inc infection,33 wk,AT,57539
C,2,inc case,33 wk,AT,15710
C,2,inc infection,34 wk,AT,88148
C,2,inc case,34 wk,AT,21067
C,2,inc infection,35 wk,AT,143655
C,2,inc case,35 wk,AT,32466
C,2,inc infection,36 wk,AT,245235
C,2,inc case,36 wk,AT,53410
C,2,inc infection,37 wk,AT,391385
C,2,inc case,37 wk,AT,91829
C,2,inc infection,38 wk,AT,541031
C,2,inc case,38 wk,AT,144894
C,2,inc infection,39 wk,AT,625476
C,2,inc case,39 wk,AT,196840
C,2,inc infection,40 wk,AT,547591
C,2,inc case,40 wk,AT,221682
C,2,inc infection,41 wk,AT,376239
C,2,inc case,41 wk,AT,184415
C,2,inc infection,42 wk,AT,236806
C,2,inc case,42 wk,AT,123154
C,2,inc infection,43 wk,AT,151386
C,2,inc case,43 wk,AT,76565
C,2,inc infection,44 wk,AT,89995
C,2,inc case,44 wk,AT,49518
C,2,inc hosp,1 wk,AT,37
C,2,inc icu,1 wk,AT,4
C,2,inc hosp,2 wk,AT,37
C,2,inc icu,2 wk,AT,4
C,2,inc hosp,3 wk,AT,13
C,2,inc icu,3 wk,AT,2
C,2,inc hosp,4 wk,AT,4
C,2,inc icu,4 wk,AT,1
C,2,inc hosp,5 wk,AT,2
C,2,inc icu,5 wk,AT,0
C,2,inc hosp,6 wk,AT,1
C,2,inc icu,6 wk,AT,0
C,2,inc hosp,7 wk,AT,1
C,2,inc icu,7 wk,AT,0
C,2,inc hosp,8 wk,AT,1
C,2,inc icu,8 wk,AT,0
C,2,inc hosp,9 wk,AT,2
C,2,inc icu,9 wk,AT,0
C,2,inc hosp,10 wk,AT,2
C,2,inc icu,10 wk,AT,0
C,2,inc hosp,11 wk,AT,4
C,2,inc icu,11 wk,AT,0
C,2,inc hosp,12 wk,AT,4
C,2,inc icu,12 wk,AT,0
C,2,inc hosp,13 wk,AT,4
C,2,inc icu,13 wk,AT,0
C,2,inc hosp,14 wk,AT,5
C,2,inc icu,14 wk,AT,0
C,2,inc hosp,15 wk,AT,5
C,2,inc icu,15 wk,AT,0
C,2,inc hosp,16 wk,AT,5
C,2,inc icu,16 wk,AT,0
C,2,inc hosp,17 wk,AT,5
C,2,inc icu,17 wk,AT,0
C,2,inc hosp,18 wk,AT,6
C,2,inc icu,18 wk,AT,1
C,2,inc hosp,19 wk,AT,8
C,2,inc icu,19 wk,AT,1
C,2,inc hosp,20 wk,AT,13
C,2,inc icu,20 wk,AT,1
C,2,inc hosp,21 wk,AT,23
C,2,inc icu,21 wk,AT,1
C,2,inc hosp,22 wk,AT,61
C,2,inc icu,22 wk,AT,3
C,2,inc hosp,23 wk,AT,195
C,2,inc icu,23 wk,AT,10
C,2,inc hosp,24 wk,AT,600
C,2,inc icu,24 wk,AT,31
C,2,inc hosp,25 wk,AT,1509
C,2,inc icu,25 wk,AT,85
C,2,inc hosp,26 wk,AT,1856
C,2,inc icu,26 wk,AT,148
C,2,inc hosp,27 wk,AT,1012
C,2,inc icu,27 wk,AT,131
C,2,inc hosp,28 wk,AT,387
C,2,inc icu,28 wk,AT,71
C,2,inc hosp,29 wk,AT,150
C,2,inc icu,29 wk,AT,30
C,2,inc hosp,30 wk,AT,75
C,2,inc icu,30 wk,AT,13
C,2,inc hosp,31 wk,AT,51
C,2,inc icu,31 wk,AT,7
C,2,inc hosp,32 wk,AT,45
C,2,inc icu,32 wk,AT,5
C,2,inc hosp,33 wk,AT,50
C,2,inc icu,33 wk,AT,4
C,2,inc hosp,34 wk,AT,61
C,2,inc icu,34 wk,AT,5
C,2,inc hosp,35 wk,AT,92
C,2,inc icu,35 wk,AT,7
C,2,inc hosp,36 wk,AT,150
C,2,inc icu,36 wk,AT,10
C,2,inc hosp,37 wk,AT,265
C,2,inc icu,37 wk,AT,17
C,2,inc hosp,38 wk,AT,463
C,2,inc icu,38 wk,AT,30
C,2,inc hosp,39 wk,AT,718
C,2,inc icu,39 wk,AT,50
C,2,inc hosp,40 wk,AT,937
C,2,inc icu,40 wk,AT,71
C,2,inc hosp,41 wk,AT,989
C,2,inc icu,41 wk,AT,86
C,2,inc hosp,42 wk,AT,784
C,2,inc icu,42 wk,AT,81
C,2,inc hosp,43 wk,AT,517
C,2,inc icu,43 wk,AT,61
C,2,inc hosp,44 wk,AT,330
C,2,inc icu,44 wk,AT,41
C,3,inc infection,1 wk,AT,44543
C,3,inc case,1 wk,AT,23531
C,3,inc infection,2 wk,AT,6709
C,3,inc case,2 wk,AT,13677
C,3,inc infection,3 wk,AT,4031
C,3,inc case,3 wk,AT,2077
C,3,inc infection,4 wk,AT,2947
C,3,inc case,4 wk,AT,1288
C,3,inc infection,5 wk,AT,1647
C,3,inc case,5 wk,AT,986
C,3,inc infection,6 wk,AT,1201
C,3,inc case,6 wk,AT,531
C,3,inc infection,7 wk,AT,1004
C,3,inc case,7 wk,AT,383
C,3,inc infection,8 wk,AT,2099
C,3,inc case,8 wk,AT,352
C,3,inc infection,9 wk,AT,3639
C,3,inc case,9 wk,AT,861
C,3,inc infection,10 wk,AT,4859
C,3,inc case,10 wk,AT,1361
C,3,inc infection,11 wk,AT,5438
C,3,inc case,11 wk,AT,1730
C,3,inc infection,12 wk,AT,5615
C,3,inc case,12 wk,AT,1974
C,3,inc infection,13 wk,AT,6447
C,3,inc case,13 wk,AT,1855
C,3,inc infection,14 wk,AT,6571
C,3,inc case,14 wk,AT,2362
C,3,inc infection,15 wk,AT,6841
C,3,inc case,15 wk,AT,2292
C,3,inc infection,16 wk,AT,7158
C,3,inc case,16 wk,AT,2385
C,3,inc infection,17 wk,AT,8305
C,3,inc case,17 wk,AT,2597
C,3,inc infection,18 wk,AT,12455
C,3,inc case,18 wk,AT,2953
C,3,inc infection,19 wk,AT,19943
C,3,inc case,19 wk,AT,4608
C,3,inc infection,20 wk,AT,42810
C,3,inc case,20 wk,AT,7281
C,3,inc infection,21 wk,AT,125641
C,3,inc case,21 wk,AT,16343
C,3,inc infection,22 wk,AT,399645
C,3,inc case,22 wk,AT,49141
C,3,inc infection,23 wk,AT,1075181
C,3,inc case,23 wk,AT,157226
C,3,inc infection,24 wk,AT,1821710
C,3,inc case,24 wk,AT,419294
C,3,inc infection,25 wk,AT,1308695
C,3,inc case,25 wk,AT,671248
C,3,inc infection,26 wk,AT,495300
C,3,inc case,26 wk,AT,404216
C,3,inc infection,27 wk,AT,171492
C,3,inc case,27 wk,AT,141920
C,3,inc infection,28 wk,AT,77266
C,3,inc case,28 wk,AT,49873
C,3,inc infection,29 wk,AT,47796
C,3,inc case,29 wk,AT,24109
C,3,inc infection,30 wk,AT,38914
C,3,inc case,30 wk,AT,15659
C,3,inc infection,31 wk,AT,39694
C,3,inc case,31 wk,AT,13415
C,3,inc infection,32 wk,AT,48582
C,3,inc case,32 wk,AT,13961
C,3,inc infection,33 wk,AT,69216
C,3,inc case,33 wk,AT,17670
C,3,inc infection,34 wk,AT,105889
C,3,inc case,34 wk,AT,25391
C,3,inc infection,35 wk,AT,174055
C,3,inc case,35 wk,AT,39357
C,3,inc infection,36 wk,AT,288593
C,3,inc case,36 wk,AT,64780
C,3,inc infection,37 wk,AT,435009
C,3,inc case,37 wk,AT,107628
C,3,inc infection,38 wk,AT,551178
C,3,inc case,38 wk,AT,159638
C,3,inc infection,39 wk,AT,577255
C,3,inc case,39 wk,AT,197590
C,3,inc infection,40 wk,AT,480258
C,3,inc case,40 wk,AT,202394
C,3,inc infection,41 wk,AT,332868
C,3,inc case,41 wk,AT,160939
C,3,inc infection,42 wk,AT,218972
C,3,inc case,42 wk,AT,108948
C,3,inc infection,43 wk,AT,151380
C,3,inc case,43 wk,AT,71952
C,3,inc infection,44 wk,AT,92541
C,3,inc case,44 wk,AT,50468
C,3,inc hosp,1 wk,AT,37
C,3,inc icu,1 wk,AT,4
C,3,inc hosp,2 wk,AT,38
C,3,inc icu,2 wk,AT,4
C,3,inc hosp,3 wk,AT,12
C,3,inc icu,3 wk,AT,2
C,3,inc hosp,4 wk,AT,4
C,3,inc icu,4 wk,AT,1
C,3,inc hosp,5 wk,AT,3
C,3,inc icu,5 wk,AT,0
C,3,inc hosp,6 wk,AT,2
C,3,inc icu,6 wk,AT,0
C,3,inc hosp,7 wk,AT,1
C,3,inc icu,7 wk,AT,0
C,3,inc hosp,8 wk,AT,1
C,3,inc icu,8 wk,AT,0
C,3,inc hosp,9 wk,AT,1
C,3,inc icu,9 wk,AT,0
C,3,inc hosp,10 wk,AT,2
C,3,inc icu,10 wk,AT,0
C,3,inc hosp,11 wk,AT,3
C,3,inc icu,11 wk,AT,0
C,3,inc hosp,12 wk,AT,4
C,3,inc icu,12 wk,AT,0
C,3,inc hosp,13 wk,AT,4
C,3,inc icu,13 wk,AT,0
C,3,inc hosp,14 wk,AT,5
C,3,inc icu,14 wk,AT,0
C,3,inc hosp,15 wk,AT,5
C,3,inc icu,15 wk,AT,0
C,3,inc hosp,16 wk,AT,6
C,3,inc icu,16 wk,AT,0
C,3,inc hosp,17 wk,AT,6
C,3,inc icu,17 wk,AT,1
C,3,inc hosp,18 wk,AT,6
C,3,inc icu,18 wk,AT,1
C,3,inc hosp,19 wk,AT,9
C,3,inc icu,19 wk,AT,1
C,3,inc hosp,20 wk,AT,14
C,3,inc icu,20 wk,AT,1
C,3,inc hosp,21 wk,AT,26
C,3,inc icu,21 wk,AT,2
C,3,inc hosp,22 wk,AT,70
C,3,inc icu,22 wk,AT,4
C,3,inc hosp,23 wk,AT,225
C,3,inc icu,23 wk,AT,11
C,3,inc hosp,24 wk,AT,682
C,3,inc icu,24 wk,AT,35
C,3,inc hosp,25 wk,AT,1561
C,3,inc icu,25 wk,AT,92
C,3,inc hosp,26 wk,AT,1717
C,3,inc icu,26 wk,AT,145
C,3,inc hosp,27 wk,AT,867
C,3,inc icu,27 wk,AT,119
C,3,inc hosp,28 wk,AT,325
C,3,inc icu,28 wk,AT,62
C,3,inc hosp,29 wk,AT,131
C,3,inc icu,29 wk,AT,26
C,3,inc hosp,30 wk,AT,70
C,3,inc icu,30 wk,AT,11
C,3,inc hosp,31 wk,AT,49
C,3,inc icu,31 wk,AT,6
C,3,inc hosp,32 wk,AT,47
C,3,inc icu,32 wk,AT,5
C,3,inc hosp,33 wk,AT,53
C,3,inc icu,33 wk,AT,4
C,3,inc hosp,34 wk,AT,73
C,3,inc icu,34 wk,AT,5
C,3,inc hosp,35 wk,AT,109
C,3,inc icu,35 wk,AT,8
C,3,inc hosp,36 wk,AT,182
C,3,inc icu,36 wk,AT,12
C,3,inc hosp,37 wk,AT,318
C,3,inc icu,37 wk,AT,21
C,3,inc hosp,38 wk,AT,528
C,3,inc icu,38 wk,AT,35
C,3,inc hosp,39 wk,AT,762
C,3,inc icu,39 wk,AT,55
C,3,inc hosp,40 wk,AT,901
C,3,inc icu,40 wk,AT,72
C,3,inc hosp,41 wk,AT,882
C,3,inc icu,41 wk,AT,80
C,3,inc hosp,42 wk,AT,689
C,3,inc icu,42 wk,AT,72
C,3,inc hosp,43 wk,AT,466
C,3,inc icu,43 wk,AT,55
C,3,inc hosp,44 wk,AT,317
C,3,inc icu,44 wk,AT,38
C,4,inc infection,1 wk,AT,44228
C,4,inc case,1 wk,AT,23309
C,4,inc infection,2 wk,AT,7476
C,4,inc case,2 wk,AT,13612
C,4,inc infection,3 wk,AT,4254
C,4,inc case,3 wk,AT,2344
C,4,inc infection,4 wk,AT,2367
C,4,inc case,4 wk,AT,1404
C,4,inc infection,5 wk,AT,1608
C,4,inc case,5 wk,AT,724
C,4,inc infection,6 wk,AT,1253
C,4,inc case,6 wk,AT,578
C,4,inc infection,7 wk,AT,987
C,4,inc case,7 wk,AT,373
C,4,inc infection,8 wk,AT,2220
C,4,inc case,8 wk,AT,345
C,4,inc infection,9 wk,AT,3496
C,4,inc case,9 wk,AT,909
C,4,inc infection,10 wk,AT,4369
C,4,inc case,10 wk,AT,1243
C,4,inc infection,11 wk,AT,4809
C,4,inc case,11 wk,AT,1573
C,4,inc infection,12 wk,AT,5380
C,4,inc case,12 wk,AT,1694
C,4,inc infection,13 wk,AT,5967
C,4,inc case,13 wk,AT,1906
C,4,inc infection,14 wk,AT,6361
C,4,inc case,14 wk,AT,2137
C,4,inc infection,15 wk,AT,6931
C,4,inc case,15 wk,AT,2255
C,4,inc infection,16 wk,AT,6920
C,4,inc case,16 wk,AT,2458
C,4,inc infection,17 wk,AT,8014
C,4,inc case,17 wk,AT,2387
C,4,inc infection,18 wk,AT,10947
C,4,inc case,18 wk,AT,2872
C,4,inc infection,19 wk,AT,15554
C,4,inc case,19 wk,AT,4017
C,4,inc infection,20 wk,AT,34735
C,4,inc case,20 wk,AT,5715
C,4,inc infection,21 wk,AT,101150
C,4,inc case,21 wk,AT,13260
C,4,inc infection,22 wk,AT,323131
C,4,inc case,22 wk,AT,39320
C,4,inc infection,23 wk,AT,928040
C,4,inc case,23 wk,AT,126413
C,4,inc infection,24 wk,AT,1794311
C,4,inc case,24 wk,AT,364046
C,4,inc infection,25 wk,AT,1470257
C,4,inc case,25 wk,AT,674271
C,4,inc infection,26 wk,AT,587684
C,4,inc case,26 wk,AT,466596
C,4,inc infection,27 wk,AT,197337
C,4,inc case,27 wk,AT,167975
C,4,inc infection,28 wk,AT,80773
C,4,inc case,28 wk,AT,56826
C,4,inc infection,29 wk,AT,45994
C,4,inc case,29 wk,AT,24721
C,4,inc infection,30 wk,AT,36491
C,4,inc case,30 wk,AT,14805
C,4,inc infection,31 wk,AT,36173
C,4,inc case,31 wk,AT,12687
C,4,inc infection,32 wk,AT,46131
C,4,inc case,32 wk,AT,12806
C,4,inc infection,33 wk,AT,61935
C,4,inc case,33 wk,AT,16681
C,4,inc infection,34 wk,AT,96371
C,4,inc case,34 wk,AT,22665
C,4,inc infection,35 wk,AT,157386
C,4,inc case,35 wk,AT,35349
C,4,inc infection,36 wk,AT,265991
C,4,inc case,36 wk,AT,58725
C,4,inc infection,37 wk,AT,402080
C,4,inc case,37 wk,AT,99003
C,4,inc infection,38 wk,AT,533318
C,4,inc case,38 wk,AT,148163
C,4,inc infection,39 wk,AT,591703
C,4,inc case,39 wk,AT,193150
C,4,inc infection,40 wk,AT,511777
C,4,inc case,40 wk,AT,208386
C,4,inc infection,41 wk,AT,360052
C,4,inc case,41 wk,AT,173027
C,4,inc infection,42 wk,AT,232463
C,4,inc case,42 wk,AT,117655
C,4,inc infection,43 wk,AT,147103
C,4,inc case,43 wk,AT,76183
C,4,inc infection,44 wk,AT,86454
C,4,inc case,44 wk,AT,47600
C,4,inc hosp,1 wk,AT,37
C,4,inc icu,1 wk,AT,4
C,4,inc hosp,2 wk,AT,37
C,4,inc icu,2 wk,AT,4
C,4,inc hosp,3 wk,AT,13
C,4,inc icu,3 wk,AT,2
C,4,inc hosp,4 wk,AT,5
C,4,inc icu,4 wk,AT,1
C,4,inc hosp,5 wk,AT,2
C,4,inc icu,5 wk,AT,0
C,4,inc hosp,6 wk,AT,1
C,4,inc icu,6 wk,AT,0
C,4,inc hosp,7 wk,AT,1
C,4,inc icu,7 wk,AT,0
C,4,inc hosp,8 wk,AT,1
C,4,inc icu,8 wk,AT,0
C,4,inc hosp,9 wk,AT,1
C,4,inc icu,9 wk,AT,0
C,4,inc hosp,10 wk,AT,2
C,4,inc icu,10 wk,AT,0
C,4,inc hosp,11 wk,AT,3
C,4,inc icu,11 wk,AT,0
C,4,inc hosp,12 wk,AT,4
C,4,inc icu,12 wk,AT,0
C,4,inc hosp,13 wk,AT,4
C,4,inc icu,13 wk,AT,0
C,4,inc hosp,14 wk,AT,5
C,4,inc icu,14 wk,AT,0
C,4,inc hosp,15 wk,AT,5
C,4,inc icu,15 wk,AT,0
C,4,inc hosp,16 wk,AT,6
C,4,inc icu,16 wk,AT,0
C,4,inc hosp,17 wk,AT,6
C,4,inc icu,17 wk,AT,1
C,4,inc hosp,18 wk,AT,6
C,4,inc icu,18 wk,AT,1
C,4,inc hosp,19 wk,AT,8
C,4,inc icu,19 wk,AT,1
C,4,inc hosp,20 wk,AT,12
C,4,inc icu,20 wk,AT,1
C,4,inc hosp,21 wk,AT,21
C,4,inc icu,21 wk,AT,1
C,4,inc hosp,22 wk,AT,57
C,4,inc icu,22 wk,AT,3
C,4,inc hosp,23 wk,AT,180
C,4,inc icu,23 wk,AT,9
C,4,inc hosp,24 wk,AT,568
C,4,inc icu,24 wk,AT,29
C,4,inc hosp,25 wk,AT,1449
C,4,inc icu,25 wk,AT,81
C,4,inc hosp,26 wk,AT,1828
C,4,inc icu,26 wk,AT,144
C,4,inc hosp,27 wk,AT,1007
C,4,inc icu,27 wk,AT,129
C,4,inc hosp,28 wk,AT,379
C,4,inc icu,28 wk,AT,70
C,4,inc hosp,29 wk,AT,144
C,4,inc icu,29 wk,AT,30
C,4,inc hosp,30 wk,AT,70
C,4,inc icu,30 wk,AT,12
C,4,inc hosp,31 wk,AT,47
C,4,inc icu,31 wk,AT,6
C,4,inc hosp,32 wk,AT,42
C,4,inc icu,32 wk,AT,4
C,4,inc hosp,33 wk,AT,51
C,4,inc icu,33 wk,AT,4
C,4,inc hosp,34 wk,AT,66
C,4,inc icu,34 wk,AT,5
C,4,inc hosp,35 wk,AT,100
C,4,inc icu,35 wk,AT,7
C,4,inc hosp,36 wk,AT,164
C,4,inc icu,36 wk,AT,11
C,4,inc hosp,37 wk,AT,291
C,4,inc icu,37 wk,AT,19
C,4,inc hosp,38 wk,AT,486
C,4,inc icu,38 wk,AT,33
C,4,inc hosp,39 wk,AT,720
C,4,inc icu,39 wk,AT,51
C,4,inc hosp,40 wk,AT,901
C,4,inc icu,40 wk,AT,70
C,4,inc hosp,41 wk,AT,924
C,4,inc icu,41 wk,AT,81
C,4,inc hosp,42 wk,AT,743
C,4,inc icu,42 wk,AT,76
C,4,inc hosp,43 wk,AT,501
C,4,inc icu,43 wk,AT,59
C,4,inc hosp,44 wk,AT,323
C,4,inc icu,44 wk,AT,40
D,1,inc infection,1 wk,AT,45637
D,1,inc case,1 wk,AT,23850
D,1,inc infection,2 wk,AT,8199
D,1,inc case,2 wk,AT,14254
D,1,inc infection,3 wk,AT,4166
D,1,inc case,3 wk,AT,2523
D,1,inc infection,4 wk,AT,2293
D,1,inc case,4 wk,AT,1265
D,1,inc infection,5 wk,AT,1520
D,1,inc case,5 wk,AT,782
D,1,inc infection,6 wk,AT,1224
D,1,inc case,6 wk,AT,485
D,1,inc infection,7 wk,AT,1104
D,1,inc case,7 wk,AT,413
D,1,inc infection,8 wk,AT,2416
D,1,inc case,8 wk,AT,392
D,1,inc infection,9 wk,AT,4112
D,1,inc case,9 wk,AT,958
D,1,inc infection,10 wk,AT,5133
D,1,inc case,10 wk,AT,1498
D,1,inc infection,11 wk,AT,5662
D,1,inc case,11 wk,AT,1836
D,1,inc infection,12 wk,AT,5875
D,1,inc case,12 wk,AT,2026
D,1,inc infection,13 wk,AT,5899
D,1,inc case,13 wk,AT,2012
D,1,inc infection,14 wk,AT,6195
D,1,inc case,14 wk,AT,2152
D,1,inc infection,15 wk,AT,6273
D,1,inc case,15 wk,AT,2193
D,1,inc infection,16 wk,AT,6646
D,1,inc case,16 wk,AT,2135
D,1,inc infection,17 wk,AT,7939
D,1,inc case,17 wk,AT,2373
D,1,inc infection,18 wk,AT,11178
D,1,inc case,18 wk,AT,2848
D,1,inc infection,19 wk,AT,19017
D,1,inc case,19 wk,AT,4110
D,1,inc infection,20 wk,AT,44255
D,1,inc case,20 wk,AT,7038
D,1,inc infection,21 wk,AT,137594
D,1,inc case,21 wk,AT,17202
D,1,inc infection,22 wk,AT,441768
D,1,inc case,22 wk,AT,53632
D,1,inc infection,23 wk,AT,1161183
D,1,inc case,23 wk,AT,173814
D,1,inc infection,24 wk,AT,1861858
D,1,inc case,24 wk,AT,451927
D,1,inc infection,25 wk,AT,1249838
D,1,inc case,25 wk,AT,678747
D,1,inc infection,26 wk,AT,447486
D,1,inc case,26 wk,AT,381200
D,1,inc infection,27 wk,AT,150987
D,1,inc case,27 wk,AT,127122
D,1,inc infection,28 wk,AT,68196
D,1,inc case,28 wk,AT,43725
D,1,inc infection,29 wk,AT,43007
D,1,inc case,29 wk,AT,21455
D,1,inc infection,30 wk,AT,35300
D,1,inc case,30 wk,AT,14141
D,1,inc infection,31 wk,AT,35300
D,1,inc case,31 wk,AT,12291
D,1,inc infection,32 wk,AT,41534
D,1,inc case,32 wk,AT,12287
D,1,inc infection,33 wk,AT,56002
D,1,inc case,33 wk,AT,15033
D,1,inc infection,34 wk,AT,84472
D,1,inc case,34 wk,AT,20413
D,1,inc infection,35 wk,AT,135787
D,1,inc case,35 wk,AT,31036
D,1,inc infection,36 wk,AT,236887
D,1,inc case,36 wk,AT,50629
D,1,inc infection,37 wk,AT,377696
D,1,inc case,37 wk,AT,89141
D,1,inc infection,38 wk,AT,525971
D,1,inc case,38 wk,AT,139807
D,1,inc infection,39 wk,AT,610348
D,1,inc case,39 wk,AT,190854
D,1,inc infection,40 wk,AT,541953
D,1,inc case,40 wk,AT,216988
D,1,inc infection,41 wk,AT,381089
D,1,inc case,41 wk,AT,183274
D,1,inc infection,42 wk,AT,241490
D,1,inc case,42 wk,AT,124824
D,1,inc infection,43 wk,AT,155540
D,1,inc case,43 wk,AT,78422
D,1,inc infection,44 wk,AT,90331
D,1,inc case,44 wk,AT,50718
D,1,inc hosp,1 wk,AT,37
D,1,inc icu,1 wk,AT,4
D,1,inc hosp,2 wk,AT,38
D,1,inc icu,2 wk,AT,4
D,1,inc hosp,3 wk,AT,14
D,1,inc icu,3 wk,AT,2
D,1,inc hosp,4 wk,AT,5
D,1,inc icu,4 wk,AT,1
D,1,inc hosp,5 wk,AT,2
D,1,inc icu,5 wk,AT,0
D,1,inc hosp,6 wk,AT,1
D,1,inc icu,6 wk,AT,0
D,1,inc hosp,7 wk,AT,1
D,1,inc icu,7 wk,AT,0
D,1,inc hosp,8 wk,AT,1
D,1,inc icu,8 wk,AT,0
D,1,inc hosp,9 wk,AT,1
D,1,inc icu,9 wk,AT,0
D,1,inc hosp,10 wk,AT,2
D,1,inc icu,10 wk,AT,0
D,1,inc hosp,11 wk,AT,4
D,1,inc icu,11 wk,AT,0
D,1,inc hosp,12 wk,AT,4
D,1,inc icu,12 wk,AT,0
D,1,inc hosp,13 wk,AT,5
D,1,inc icu,13 wk,AT,0
D,1,inc hosp,14 wk,AT,4
D,1,inc icu,14 wk,AT,0
D,1,inc hosp,15 wk,AT,5
D,1,inc icu,15 wk,AT,0
D,1,inc hosp,16 wk,AT,5
D,1,inc icu,16 wk,AT,0
D,1,inc hosp,17 wk,AT,5
D,1,inc icu,17 wk,AT,0
D,1,inc hosp,18 wk,AT,6
D,1,inc icu,18 wk,AT,0
D,1,inc hosp,19 wk,AT,8
D,1,inc icu,19 wk,AT,1
D,1,inc hosp,20 wk,AT,13
D,1,inc icu,20 wk,AT,1
D,1,inc hosp,21 wk,AT,25
D,1,inc icu,21 wk,AT,2
D,1,inc hosp,22 wk,AT,74
D,1,inc icu,22 wk,AT,4
D,1,inc hosp,23 wk,AT,245
D,1,inc icu,23 wk,AT,12
D,1,inc hosp,24 wk,AT,749
D,1,inc icu,24 wk,AT,38
D,1,inc hosp,25 wk,AT,1644
D,1,inc icu,25 wk,AT,98
D,1,inc hosp,26 wk,AT,1685
D,1,inc icu,26 wk,AT,146
D,1,inc hosp,27 wk,AT,817
D,1,inc icu,27 wk,AT,115
D,1,inc hosp,28 wk,AT,298
D,1,inc icu,28 wk,AT,58
D,1,inc hosp,29 wk,AT,118
D,1,inc icu,29 wk,AT,24
D,1,inc hosp,30 wk,AT,63
D,1,inc icu,30 wk,AT,10
D,1,inc hosp,31 wk,AT,45
D,1,inc icu,31 wk,AT,5
D,1,inc hosp,32 wk,AT,41
D,1,inc icu,32 wk,AT,4
D,1,inc hosp,33 wk,AT,46
D,1,inc icu,33 wk,AT,4
D,1,inc hosp,34 wk,AT,60
D,1,inc icu,34 wk,AT,5
D,1,inc hosp,35 wk,AT,89
D,1,inc icu,35 wk,AT,6
D,1,inc hosp,36 wk,AT,141
D,1,inc icu,36 wk,AT,10
D,1,inc hosp,37 wk,AT,248
D,1,inc icu,37 wk,AT,16
D,1,inc hosp,38 wk,AT,426
D,1,inc icu,38 wk,AT,28
D,1,inc hosp,39 wk,AT,662
D,1,inc icu,39 wk,AT,46
D,1,inc hosp,40 wk,AT,877
D,1,inc icu,40 wk,AT,66
D,1,inc hosp,41 wk,AT,929
D,1,inc icu,41 wk,AT,79
D,1,inc hosp,42 wk,AT,747
D,1,inc icu,42 wk,AT,76
D,1,inc hosp,43 wk,AT,503
D,1,inc icu,43 wk,AT,58
D,1,inc hosp,44 wk,AT,321
D,1,inc icu,44 wk,AT,39
D,2,inc infection,1 wk,AT,43094
D,2,inc case,1 wk,AT,23395
D,2,inc infection,2 wk,AT,6565
D,2,inc case,2 wk,AT,13150
D,2,inc infection,3 wk,AT,3928
D,2,inc case,3 wk,AT,2054
D,2,inc infection,4 wk,AT,2340
D,2,inc case,4 wk,AT,1232
D,2,inc infection,5 wk,AT,1764
D,2,inc case,5 wk,AT,778
D,2,inc infection,6 wk,AT,1273
D,2,inc case,6 wk,AT,616
D,2,inc infection,7 wk,AT,1240
D,2,inc case,7 wk,AT,430
D,2,inc infection,8 wk,AT,2323
D,2,inc case,8 wk,AT,452
D,2,inc infection,9 wk,AT,3411
D,2,inc case,9 wk,AT,915
D,2,inc infection,10 wk,AT,4607
D,2,inc case,10 wk,AT,1192
D,2,inc infection,11 wk,AT,5582
D,2,inc case,11 wk,AT,1693
D,2,inc infection,12 wk,AT,6202
D,2,inc case,12 wk,AT,1958
D,2,inc infection,13 wk,AT,6428
D,2,inc case,13 wk,AT,2253
D,2,inc infection,14 wk,AT,6855
D,2,inc case,14 wk,AT,2266
D,2,inc infection,15 wk,AT,6936
D,2,inc case,15 wk,AT,2368
D,2,inc infection,16 wk,AT,7504
D,2,inc case,16 wk,AT,2441
D,2,inc infection,17 wk,AT,9420
D,2,inc case,17 wk,AT,2707
D,2,inc infection,18 wk,AT,13140
D,2,inc case,18 wk,AT,3350
D,2,inc infection,19 wk,AT,21817
D,2,inc case,19 wk,AT,4916
D,2,inc infection,20 wk,AT,50451
D,2,inc case,20 wk,AT,8076
D,2,inc infection,21 wk,AT,155219
D,2,inc case,21 wk,AT,19336
D,2,inc infection,22 wk,AT,482900
D,2,inc case,22 wk,AT,60991
D,2,inc infection,23 wk,AT,1226078
D,2,inc case,23 wk,AT,189813
D,2,inc infection,24 wk,AT,1902812
D,2,inc case,24 wk,AT,475159
D,2,inc infection,25 wk,AT,1231393
D,2,inc case,25 wk,AT,690131
D,2,inc infection,26 wk,AT,438284
D,2,inc case,26 wk,AT,373573
D,2,inc infection,27 wk,AT,152384
D,2,inc case,27 wk,AT,124349
D,2,inc infection,28 wk,AT,67782
D,2,inc case,28 wk,AT,44510
D,2,inc infection,29 wk,AT,41740
D,2,inc case,29 wk,AT,21360
D,2,inc infection,30 wk,AT,36016
D,2,inc case,30 wk,AT,13708
D,2,inc infection,31 wk,AT,36976
D,2,inc case,31 wk,AT,12442
D,2,inc infection,32 wk,AT,44316
D,2,inc case,32 wk,AT,12999
D,2,inc infection,33 wk,AT,59931
D,2,inc case,33 wk,AT,16053
D,2,inc infection,34 wk,AT,90574
D,2,inc case,34 wk,AT,21905
D,2,inc infection,35 wk,AT,151827
D,2,inc case,35 wk,AT,33416
D,2,inc infection,36 wk,AT,254906
D,2,inc case,36 wk,AT,56642
D,2,inc infection,37 wk,AT,400535
D,2,inc case,37 wk,AT,94926
D,2,inc infection,38 wk,AT,536816
D,2,inc case,38 wk,AT,148144
D,2,inc infection,39 wk,AT,600875
D,2,inc case,39 wk,AT,194541
D,2,inc infection,40 wk,AT,517530
D,2,inc case,40 wk,AT,211619
D,2,inc infection,41 wk,AT,356362
D,2,inc case,41 wk,AT,173947
D,2,inc infection,42 wk,AT,231926
D,2,inc case,42 wk,AT,117071
D,2,inc infection,43 wk,AT,154742
D,2,inc case,43 wk,AT,75809
D,2,inc infection,44 wk,AT,89891
D,2,inc case,44 wk,AT,51095
D,2,inc hosp,1 wk,AT,37
D,2,inc icu,1 wk,AT,4
D,2,inc hosp,2 wk,AT,37
D,2,inc icu,2 wk,AT,3
D,2,inc hosp,3 wk,AT,12
D,2,inc icu,3 wk,AT,2
D,2,inc hosp,4 wk,AT,4
D,2,inc icu,4 wk,AT,1
D,2,inc hosp,5 wk,AT,2
D,2,inc icu,5 wk,AT,0
D,2,inc hosp,6 wk,AT,1
D,2,inc icu,6 wk,AT,0
D,2,inc hosp,7 wk,AT,1
D,2,inc icu,7 wk,AT,0
D,2,inc hosp,8 wk,AT,1
D,2,inc icu,8 wk,AT,0
D,2,inc hosp,9 wk,AT,1
D,2,inc icu,9 wk,AT,0
D,2,inc hosp,10 wk,AT,2
D,2,inc icu,10 wk,AT,0
D,2,inc hosp,11 wk,AT,3
D,2,inc icu,11 wk,AT,0
D,2,inc hosp,12 wk,AT,4
D,2,inc icu,12 wk,AT,0
D,2,inc hosp,13 wk,AT,5
D,2,inc icu,13 wk,AT,0
D,2,inc hosp,14 wk,AT,5
D,2,inc icu,14 wk,AT,0
D,2,inc hosp,15 wk,AT,5
D,2,inc icu,15 wk,AT,0
D,2,inc hosp,16 wk,AT,5
D,2,inc icu,16 wk,AT,0
D,2,inc hosp,17 wk,AT,6
D,2,inc icu,17 wk,AT,1
D,2,inc hosp,18 wk,AT,7
D,2,inc icu,18 wk,AT,1
D,2,inc hosp,19 wk,AT,9
D,2,inc icu,19 wk,AT,1
D,2,inc hosp,20 wk,AT,15
D,2,inc icu,20 wk,AT,1
D,2,inc hosp,21 wk,AT,29
D,2,inc icu,21 wk,AT,2
D,2,inc hosp,22 wk,AT,83
D,2,inc icu,22 wk,AT,4
D,2,inc hosp,23 wk,AT,273
D,2,inc icu,23 wk,AT,14
D,2,inc hosp,24 wk,AT,801
D,2,inc icu,24 wk,AT,42
D,2,inc hosp,25 wk,AT,1706
D,2,inc icu,25 wk,AT,103
D,2,inc hosp,26 wk,AT,1686
D,2,inc icu,26 wk,AT,149
D,2,inc hosp,27 wk,AT,801
D,2,inc icu,27 wk,AT,114
D,2,inc hosp,28 wk,AT,297
D,2,inc icu,28 wk,AT,57
D,2,inc hosp,29 wk,AT,118
D,2,inc icu,29 wk,AT,24
D,2,inc hosp,30 wk,AT,62
D,2,inc icu,30 wk,AT,10
D,2,inc hosp,31 wk,AT,45
D,2,inc icu,31 wk,AT,5
D,2,inc hosp,32 wk,AT,43
D,2,inc icu,32 wk,AT,4
D,2,inc hosp,33 wk,AT,49
D,2,inc icu,33 wk,AT,4
D,2,inc hosp,34 wk,AT,64
D,2,inc icu,34 wk,AT,5
D,2,inc hosp,35 wk,AT,94
D,2,inc icu,35 wk,AT,7
D,2,inc hosp,36 wk,AT,156
D,2,inc icu,36 wk,AT,10
D,2,inc hosp,37 wk,AT,272
D,2,inc icu,37 wk,AT,18
D,2,inc hosp,38 wk,AT,456
D,2,inc icu,38 wk,AT,30
D,2,inc hosp,39 wk,AT,685
D,2,inc icu,39 wk,AT,48
D,2,inc hosp,40 wk,AT,880
D,2,inc icu,40 wk,AT,67
D,2,inc hosp,41 wk,AT,899
D,2,inc icu,41 wk,AT,78
D,2,inc hosp,42 wk,AT,704
D,2,inc icu,42 wk,AT,73
D,2,inc hosp,43 wk,AT,476
D,2,inc icu,43 wk,AT,55
D,2,inc hosp,44 wk,AT,314
D,2,inc icu,44 wk,AT,38
D,3,inc infection,1 wk,AT,44076
D,3,inc case,1 wk,AT,23578
D,3,inc infection,2 wk,AT,7934
D,3,inc case,2 wk,AT,13603
D,3,inc infection,3 wk,AT,3733
D,3,inc case,3 wk,AT,2480
D,3,inc infection,4 wk,AT,2566
D,3,inc case,4 wk,AT,1133
D,3,inc infection,5 wk,AT,1735
D,3,inc case,5 wk,AT,845
D,3,inc infection,6 wk,AT,1210
D,3,inc case,6 wk,AT,569
D,3,inc infection,7 wk,AT,1281
D,3,inc case,7 wk,AT,423
D,3,inc infection,8 wk,AT,2370
D,3,inc case,8 wk,AT,497
D,3,inc infection,9 wk,AT,3578
D,3,inc case,9 wk,AT,880
D,3,inc infection,10 wk,AT,4234
D,3,inc case,10 wk,AT,1301
D,3,inc infection,11 wk,AT,4683
D,3,inc case,11 wk,AT,1499
D,3,inc infection,12 wk,AT,5351
D,3,inc case,12 wk,AT,1741
D,3,inc infection,13 wk,AT,5465
D,3,inc case,13 wk,AT,1846
D,3,inc infection,14 wk,AT,6339
D,3,inc case,14 wk,AT,1921
D,3,inc infection,15 wk,AT,6455
D,3,inc case,15 wk,AT,2229
D,3,inc infection,16 wk,AT,7086
D,3,inc case,16 wk,AT,2285
D,3,inc infection,17 wk,AT,7830
D,3,inc case,17 wk,AT,2454
D,3,inc infection,18 wk,AT,11545
D,3,inc case,18 wk,AT,2767
D,3,inc infection,19 wk,AT,20975
D,3,inc case,19 wk,AT,4262
D,3,inc infection,20 wk,AT,50237
D,3,inc case,20 wk,AT,7919
D,3,inc infection,21 wk,AT,154620
D,3,inc case,21 wk,AT,19444
D,3,inc infection,22 wk,AT,486733
D,3,inc case,22 wk,AT,60390
D,3,inc infection,23 wk,AT,1219633
D,3,inc case,23 wk,AT,191821
D,3,inc infection,24 wk,AT,1855481
D,3,inc case,24 wk,AT,473410
D,3,inc infection,25 wk,AT,1180688
D,3,inc case,25 wk,AT,669856
D,3,inc infection,26 wk,AT,416721
D,3,inc case,26 wk,AT,356271
D,3,inc infection,27 wk,AT,147081
D,3,inc case,27 wk,AT,118310
D,3,inc infection,28 wk,AT,66117
D,3,inc case,28 wk,AT,43421
D,3,inc infection,29 wk,AT,40634
D,3,inc case,29 wk,AT,20659
D,3,inc infection,30 wk,AT,32853
D,3,inc case,30 wk,AT,13492
D,3,inc infection,31 wk,AT,34926
D,3,inc case,31 wk,AT,11182
D,3,inc infection,32 wk,AT,42596
D,3,inc case,32 wk,AT,12385
D,3,inc infection,33 wk,AT,57932
D,3,inc case,33 wk,AT,15451
D,3,inc infection,34 wk,AT,85597
D,3,inc case,34 wk,AT,21199
D,3,inc infection,35 wk,AT,143221
D,3,inc case,35 wk,AT,31730
D,3,inc infection,36 wk,AT,243604
D,3,inc case,36 wk,AT,53126
D,3,inc infection,37 wk,AT,392058
D,3,inc case,37 wk,AT,91088
D,3,inc infection,38 wk,AT,539758
D,3,inc case,38 wk,AT,144955
D,3,inc infection,39 wk,AT,616317
D,3,inc case,39 wk,AT,196752
D,3,inc infection,40 wk,AT,535820
D,3,inc case,40 wk,AT,217292
D,3,inc infection,41 wk,AT,370269
D,3,inc case,41 wk,AT,181513
D,3,inc infection,42 wk,AT,230406
D,3,inc case,42 wk,AT,120227
D,3,inc infection,43 wk,AT,148153
D,3,inc case,43 wk,AT,75074
D,3,inc infection,44 wk,AT,85160
D,3,inc case,44 wk,AT,48266
D,3,inc hosp,1 wk,AT,37
D,3,inc icu,1 wk,AT,4
D,3,inc hosp,2 wk,AT,37
D,3,inc icu,2 wk,AT,3
D,3,inc hosp,3 wk,AT,13
D,3,inc icu,3 wk,AT,2
D,3,inc hosp,4 wk,AT,4
D,3,inc icu,4 wk,AT,1
D,3,inc hosp,5 wk,AT,2
D,3,inc icu,5 wk,AT,0
D,3,inc hosp,6 wk,AT,2
D,3,inc icu,6 wk,AT,0
D,3,inc hosp,7 wk,AT,1
D,3,inc icu,7 wk,AT,0
D,3,inc hosp,8 wk,AT,1
D,3,inc icu,8 wk,AT,0
D,3,inc hosp,9 wk,AT,1
D,3,inc icu,9 wk,AT,0
D,3,inc hosp,10 wk,AT,2
D,3,inc icu,10 wk,AT,0
D,3,inc hosp,11 wk,AT,3
D,3,inc icu,11 wk,AT,0
D,3,inc hosp,12 wk,AT,3
D,3,inc icu,12 wk,AT,0
D,3,inc hosp,13 wk,AT,4
D,3,inc icu,13 wk,AT,0
D,3,inc hosp,14 wk,AT,4
D,3,inc icu,14 wk,AT,0
D,3,inc hosp,15 wk,AT,5
D,3,inc icu,15 wk,AT,0
D,3,inc hosp,16 wk,AT,5
D,3,inc icu,16 wk,AT,0
D,3,inc hosp,17 wk,AT,6
D,3,inc icu,17 wk,AT,0
D,3,inc hosp,18 wk,AT,6
D,3,inc icu,18 wk,AT,1
D,3,inc hosp,19 wk,AT,8
D,3,inc icu,19 wk,AT,1
D,3,inc hosp,20 wk,AT,13
D,3,inc icu,20 wk,AT,1
D,3,inc hosp,21 wk,AT,29
D,3,inc icu,21 wk,AT,2
D,3,inc hosp,22 wk,AT,82
D,3,inc icu,22 wk,AT,4
D,3,inc hosp,23 wk,AT,275
D,3,inc icu,23 wk,AT,14
D,3,inc hosp,24 wk,AT,803
D,3,inc icu,24 wk,AT,42
D,3,inc hosp,25 wk,AT,1675
D,3,inc icu,25 wk,AT,102
D,3,inc hosp,26 wk,AT,1630
D,3,inc icu,26 wk,AT,146
D,3,inc hosp,27 wk,AT,765
D,3,inc icu,27 wk,AT,110
D,3,inc hosp,28 wk,AT,283
D,3,inc icu,28 wk,AT,55
D,3,inc hosp,29 wk,AT,115
D,3,inc icu,29 wk,AT,23
D,3,inc hosp,30 wk,AT,60
D,3,inc icu,30 wk,AT,10
D,3,inc hosp,31 wk,AT,42
D,3,inc icu,31 wk,AT,5
D,3,inc hosp,32 wk,AT,40
D,3,inc icu,32 wk,AT,4
D,3,inc hosp,33 wk,AT,47
D,3,inc icu,33 wk,AT,4
D,3,inc hosp,34 wk,AT,62
D,3,inc icu,34 wk,AT,5
D,3,inc hosp,35 wk,AT,90
D,3,inc icu,35 wk,AT,6
D,3,inc hosp,36 wk,AT,148
D,3,inc icu,36 wk,AT,10
D,3,inc hosp,37 wk,AT,257
D,3,inc icu,37 wk,AT,17
D,3,inc hosp,38 wk,AT,442
D,3,inc icu,38 wk,AT,29
D,3,inc hosp,39 wk,AT,680
D,3,inc icu,39 wk,AT,47
D,3,inc hosp,40 wk,AT,897
D,3,inc icu,40 wk,AT,67
D,3,inc hosp,41 wk,AT,923
D,3,inc icu,41 wk,AT,80
D,3,inc hosp,42 wk,AT,735
D,3,inc icu,42 wk,AT,75
D,3,inc hosp,43 wk,AT,483
D,3,inc icu,43 wk,AT,57
D,3,inc hosp,44 wk,AT,307
D,3,inc icu,44 wk,AT,38
D,4,inc infection,1 wk,AT,43440
D,4,inc case,1 wk,AT,23333
D,4,inc infection,2 wk,AT,7074
D,4,inc case,2 wk,AT,13485
D,4,inc infection,3 wk,AT,3374
D,4,inc case,3 wk,AT,2147
D,4,inc infection,4 wk,AT,1934
D,4,inc case,4 wk,AT,1016
D,4,inc infection,5 wk,AT,1496
D,4,inc case,5 wk,AT,644
D,4,inc infection,6 wk,AT,1494
D,4,inc case,6 wk,AT,511
D,4,inc infection,7 wk,AT,1336
D,4,inc case,7 wk,AT,523
D,4,inc infection,8 wk,AT,2944
D,4,inc case,8 wk,AT,506
D,4,inc infection,9 wk,AT,3977
D,4,inc case,9 wk,AT,1087
D,4,inc infection,10 wk,AT,4715
D,4,inc case,10 wk,AT,1432
D,4,inc infection,11 wk,AT,4779
D,4,inc case,11 wk,AT,1705
D,4,inc infection,12 wk,AT,5221
D,4,inc case,12 wk,AT,1696
D,4,inc infection,13 wk,AT,5909
D,4,inc case,13 wk,AT,1843
D,4,inc infection,14 wk,AT,6489
D,4,inc case,14 wk,AT,2116
D,4,inc infection,15 wk,AT,6749
D,4,inc case,15 wk,AT,2256
D,4,inc infection,16 wk,AT,8093
D,4,inc case,16 wk,AT,2401
D,4,inc infection,17 wk,AT,8986
D,4,inc case,17 wk,AT,2888
D,4,inc infection,18 wk,AT,12658
D,4,inc case,18 wk,AT,3232
D,4,inc infection,19 wk,AT,21418
D,4,inc case,19 wk,AT,4649
D,4,inc infection,20 wk,AT,51256
D,4,inc case,20 wk,AT,7932
D,4,inc infection,21 wk,AT,155249
D,4,inc case,21 wk,AT,19741
D,4,inc infection,22 wk,AT,491407
D,4,inc case,22 wk,AT,60666
D,4,inc infection,23 wk,AT,1236844
D,4,inc case,23 wk,AT,193732
D,4,inc infection,24 wk,AT,1837987
D,4,inc case,24 wk,AT,478662
D,4,inc infection,25 wk,AT,1147650
D,4,inc case,25 wk,AT,662921
D,4,inc infection,26 wk,AT,404516
D,4,inc case,26 wk,AT,345252
D,4,inc infection,27 wk,AT,139324
D,4,inc case,27 wk,AT,114611
D,4,inc infection,28 wk,AT,62947
D,4,inc case,28 wk,AT,40639
D,4,inc infection,29 wk,AT,39416
D,4,inc case,29 wk,AT,19652
D,4,inc infection,30 wk,AT,35192
D,4,inc case,30 wk,AT,13169
D,4,inc infection,31 wk,AT,40199
D,4,inc case,31 wk,AT,12166
D,4,inc infection,32 wk,AT,48825
D,4,inc case,32 wk,AT,14378
D,4,inc infection,33 wk,AT,68643
D,4,inc case,33 wk,AT,17656
D,4,inc infection,34 wk,AT,105765
D,4,inc case,34 wk,AT,25145
D,4,inc infection,35 wk,AT,173256
D,4,inc case,35 wk,AT,39083
D,4,inc infection,36 wk,AT,282112
D,4,inc case,36 wk,AT,64729
D,4,inc infection,37 wk,AT,416809
D,4,inc case,37 wk,AT,104881
D,4,inc infection,38 wk,AT,523238
D,4,inc case,38 wk,AT,153084
D,4,inc infection,39 wk,AT,558153
D,4,inc case,39 wk,AT,187780
D,4,inc infection,40 wk,AT,476685
D,4,inc case,40 wk,AT,195459
D,4,inc infection,41 wk,AT,337971
D,4,inc case,41 wk,AT,160833
D,4,inc infection,42 wk,AT,226407
D,4,inc case,42 wk,AT,111190
D,4,inc infection,43 wk,AT,151147
D,4,inc case,43 wk,AT,74130
D,4,inc infection,44 wk,AT,92660
D,4,inc case,44 wk,AT,49860
D,4,inc hosp,1 wk,AT,37
D,4,inc icu,1 wk,AT,4
D,4,inc hosp,2 wk,AT,37
D,4,inc icu,2 wk,AT,3
D,4,inc hosp,3 wk,AT,13
D,4,inc icu,3 wk,AT,2
D,4,inc hosp,4 wk,AT,4
D,4,inc icu,4 wk,AT,1
D,4,inc hosp,5 wk,AT,2
D,4,inc icu,5 wk,AT,0
D,4,inc hosp,6 wk,AT,1
D,4,inc icu,6 wk,AT,0
D,4,inc hosp,7 wk,AT,1
D,4,inc icu,7 wk,AT,0
D,4,inc hosp,8 wk,AT,1
D,4,inc icu,8 wk,AT,0
D,4,inc hosp,9 wk,AT,2
D,4,inc icu,9 wk,AT,0
D,4,inc hosp,10 wk,AT,3
D,4,inc icu,10 wk,AT,0
D,4,inc hosp,11 wk,AT,3
D,4,inc icu,11 wk,AT,0
D,4,inc hosp,12 wk,AT,4
D,4,inc icu,12 wk,AT,0
D,4,inc hosp,13 wk,AT,4
D,4,inc icu,13 wk,AT,0
D,4,inc hosp,14 wk,AT,4
D,4,inc icu,14 wk,AT,0
D,4,inc hosp,15 wk,AT,5
D,4,inc icu,15 wk,AT,0
D,4,inc hosp,16 wk,AT,5
D,4,inc icu,16 wk,AT,0
D,4,inc hosp,17 wk,AT,6
D,4,inc icu,17 wk,AT,1
D,4,inc hosp,18 wk,AT,7
D,4,inc icu,18 wk,AT,1
D,4,inc hosp,19 wk,AT,9
D,4,inc icu,19 wk,AT,1
D,4,inc hosp,20 wk,AT,14
D,4,inc icu,20 wk,AT,1
D,4,inc hosp,21 wk,AT,29
D,4,inc icu,21 wk,AT,2
D,4,inc hosp,22 wk,AT,83
D,4,inc icu,22 wk,AT,4
D,4,inc hosp,23 wk,AT,275
D,4,inc icu,23 wk,AT,14
D,4,inc hosp,24 wk,AT,819
D,4,inc icu,24 wk,AT,43
D,4,inc hosp,25 wk,AT,1676
D,4,inc icu,25 wk,AT,103
D,4,inc hosp,26 wk,AT,1593
D,4,inc icu,26 wk,AT,144
D,4,inc hosp,27 wk,AT,746
D,4,inc icu,27 wk,AT,108
D,4,inc hosp,28 wk,AT,272
D,4,inc icu,28 wk,AT,53
D,4,inc hosp,29 wk,AT,109
D,4,inc icu,29 wk,AT,22
D,4,inc hosp,30 wk,AT,58
D,4,inc icu,30 wk,AT,9
D,4,inc hosp,31 wk,AT,42
D,4,inc icu,31 wk,AT,5
D,4,inc hosp,32 wk,AT,45
D,4,inc icu,32 wk,AT,4
D,4,inc hosp,33 wk,AT,54
D,4,inc icu,33 wk,AT,4
D,4,inc hosp,34 wk,AT,72
D,4,inc icu,34 wk,AT,5
D,4,inc hosp,35 wk,AT,109
D,4,inc icu,35 wk,AT,8
D,4,inc hosp,36 wk,AT,181
D,4,inc icu,36 wk,AT,12
D,4,inc hosp,37 wk,AT,305
D,4,inc icu,37 wk,AT,20
D,4,inc hosp,38 wk,AT,487
D,4,inc icu,38 wk,AT,33
D,4,inc hosp,39 wk,AT,689
D,4,inc icu,39 wk,AT,50
D,4,inc hosp,40 wk,AT,830
D,4,inc icu,40 wk,AT,65
D,4,inc hosp,41 wk,AT,828
D,4,inc icu,41 wk,AT,73
D,4,inc hosp,42 wk,AT,658
D,4,inc icu,42 wk,AT,67
D,4,inc hosp,43 wk,AT,460
D,4,inc icu,43 wk,AT,52
D,4,inc hosp,44 wk,AT,305
D,4,inc icu,44 wk,AT,36
A,1,inc infection,1 wk,AT,43627
A,1,inc case,1 wk,AT,23299
A,1,inc infection,2 wk,AT,6847
A,1,inc case,2 wk,AT,13288
A,1,inc infection,3 wk,AT,3681
A,1,inc case,3 wk,AT,2108
A,1,inc infection,4 wk,AT,1766
A,1,inc case,4 wk,AT,1188
A,1,inc infection,5 wk,AT,1238
A,1,inc case,5 wk,AT,570
A,1,inc infection,6 wk,AT,963
A,1,inc case,6 wk,AT,398
A,1,inc infection,7 wk,AT,931
A,1,inc case,7 wk,AT,359
A,1,inc infection,8 wk,AT,1556
A,1,inc case,8 wk,AT,299
A,1,inc infection,9 wk,AT,2131
A,1,inc case,9 wk,AT,602
A,1,inc infection,10 wk,AT,2759
A,1,inc case,10 wk,AT,783
A,1,inc infection,11 wk,AT,3336
A,1,inc case,11 wk,AT,980
A,1,inc infection,12 wk,AT,3635
A,1,inc case,12 wk,AT,1188
A,1,inc infection,13 wk,AT,4416
A,1,inc case,13 wk,AT,1309
A,1,inc infection,14 wk,AT,4313
A,1,inc case,14 wk,AT,1628
A,1,inc infection,15 wk,AT,4361
A,1,inc case,15 wk,AT,1412
A,1,inc infection,16 wk,AT,4297
A,1,inc case,16 wk,AT,1533
A,1,inc infection,17 wk,AT,4717
A,1,inc case,17 wk,AT,1552
A,1,inc infection,18 wk,AT,7056
A,1,inc case,18 wk,AT,1695
A,1,inc infection,19 wk,AT,9735
A,1,inc case,19 wk,AT,2616
A,1,inc infection,20 wk,AT,17871
A,1,inc case,20 wk,AT,3528
A,1,inc infection,21 wk,AT,41756
A,1,inc case,21 wk,AT,6775
A,1,inc infection,22 wk,AT,105430
A,1,inc case,22 wk,AT,16034
A,1,inc infection,23 wk,AT,263147
A,1,inc case,23 wk,AT,40520
A,1,inc infection,24 wk,AT,659379
A,1,inc case,24 wk,AT,101640
A,1,inc infection,25 wk,AT,1114252
A,1,inc case,25 wk,AT,255543
A,1,inc infection,26 wk,AT,1072277
A,1,inc case,26 wk,AT,411290
A,1,inc infection,27 wk,AT,565154
A,1,inc case,27 wk,AT,361993
A,1,inc infection,28 wk,AT,210967
A,1,inc case,28 wk,AT,169101
A,1,inc infection,29 wk,AT,82551
A,1,inc case,29 wk,AT,61401
A,1,inc infection,30 wk,AT,37399
A,1,inc case,30 wk,AT,24638
A,1,inc infection,31 wk,AT,19743
A,1,inc case,31 wk,AT,11597
A,1,inc infection,32 wk,AT,13021
A,1,inc case,32 wk,AT,6141
A,1,inc infection,33 wk,AT,9018
A,1,inc case,33 wk,AT,4388
A,1,inc infection,34 wk,AT,7519
A,1,inc case,34 wk,AT,2996
A,1,inc infection,35 wk,AT,6166
A,1,inc case,35 wk,AT,2584
A,1,inc infection,36 wk,AT,5270
A,1,inc case,36 wk,AT,2104
A,1,inc infection,37 wk,AT,6963
A,1,inc case,37 wk,AT,1827
A,1,inc infection,38 wk,AT,8872
A,1,inc case,38 wk,AT,2589
A,1,inc infection,39 wk,AT,12130
A,1,inc case,39 wk,AT,3134
A,1,inc infection,40 wk,AT,19962
A,1,inc case,40 wk,AT,4453
A,1,inc infection,41 wk,AT,37878
A,1,inc case,41 wk,AT,7493
A,1,inc infection,42 wk,AT,71223
A,1,inc case,42 wk,AT,14309
A,1,inc infection,43 wk,AT,129213
A,1,inc case,43 wk,AT,26936
A,1,inc infection,44 wk,AT,163229
A,1,inc case,44 wk,AT,48552
A,1,inc hosp,1 wk,AT,35
A,1,inc icu,1 wk,AT,4
A,1,inc hosp,2 wk,AT,35
A,1,inc icu,2 wk,AT,3
A,1,inc hosp,3 wk,AT,13
A,1,inc icu,3 wk,AT,2
A,1,inc hosp,4 wk,AT,4
A,1,inc icu,4 wk,AT,1
A,1,inc hosp,5 wk,AT,2
A,1,inc icu,5 wk,AT,0
A,1,inc hosp,6 wk,AT,1
A,1,inc icu,6 wk,AT,0
A,1,inc hosp,7 wk,AT,1
A,1,inc icu,7 wk,AT,0
A,1,inc hosp,8 wk,AT,1
A,1,inc icu,8 wk,AT,0
A,1,inc hosp,9 wk,AT,1
A,1,inc icu,9 wk,AT,0
A,1,inc hosp,10 wk,AT,1
A,1,inc icu,10 wk,AT,0
A,1,inc hosp,11 wk,AT,2
A,1,inc icu,11 wk,AT,0
A,1,inc hosp,12 wk,AT,2
A,1,inc icu,12 wk,AT,0
A,1,inc hosp,13 wk,AT,3
A,1,inc icu,13 wk,AT,0
A,1,inc hosp,14 wk,AT,3
A,1,inc icu,14 wk,AT,0
A,1,inc hosp,15 wk,AT,4
A,1,inc icu,15 wk,AT,0
A,1,inc hosp,16 wk,AT,3
A,1,inc icu,16 wk,AT,0
A,1,inc hosp,17 wk,AT,3
A,1,inc icu,17 wk,AT,0
A,1,inc hosp,18 wk,AT,4
A,1,inc icu,18 wk,AT,0
A,1,inc hosp,19 wk,AT,5
A,1,inc icu,19 wk,AT,0
A,1,inc hosp,20 wk,AT,7
A,1,inc icu,20 wk,AT,0
A,1,inc hosp,21 wk,AT,11
A,1,inc icu,21 wk,AT,1
A,1,inc hosp,22 wk,AT,24
A,1,inc icu,22 wk,AT,1
A,1,inc hosp,23 wk,AT,61
A,1,inc icu,23 wk,AT,3
A,1,inc hosp,24 wk,AT,153
A,1,inc icu,24 wk,AT,8
A,1,inc hosp,25 wk,AT,408
A,1,inc icu,25 wk,AT,21
A,1,inc hosp,26 wk,AT,878
A,1,inc icu,26 wk,AT,51
A,1,inc hosp,27 wk,AT,1135
A,1,inc icu,27 wk,AT,83
A,1,inc hosp,28 wk,AT,829
A,1,inc icu,28 wk,AT,83
A,1,inc hosp,29 wk,AT,381
A,1,inc icu,29 wk,AT,54
A,1,inc hosp,30 wk,AT,152
A,1,inc icu,30 wk,AT,26
A,1,inc hosp,31 wk,AT,65
A,1,inc icu,31 wk,AT,11
A,1,inc hosp,32 wk,AT,32
A,1,inc icu,32 wk,AT,5
A,1,inc hosp,33 wk,AT,19
A,1,inc icu,33 wk,AT,2
A,1,inc hosp,34 wk,AT,13
A,1,inc icu,34 wk,AT,1
A,1,inc hosp,35 wk,AT,10
A,1,inc icu,35 wk,AT,1
A,1,inc hosp,36 wk,AT,8
A,1,inc icu,36 wk,AT,1
A,1,inc hosp,37 wk,AT,7
A,1,inc icu,37 wk,AT,1
A,1,inc hosp,38 wk,AT,8
A,1,inc icu,38 wk,AT,1
A,1,inc hosp,39 wk,AT,10
A,1,inc icu,39 wk,AT,1
A,1,inc hosp,40 wk,AT,13
A,1,inc icu,40 wk,AT,1
A,1,inc hosp,41 wk,AT,20
A,1,inc icu,41 wk,AT,1
A,1,inc hosp,42 wk,AT,37
A,1,inc icu,42 wk,AT,2
A,1,inc hosp,43 wk,AT,72
A,1,inc icu,43 wk,AT,4
A,1,inc hosp,44 wk,AT,135
A,1,inc icu,44 wk,AT,8
A,2,inc infection,1 wk,AT,43523
A,2,inc case,1 wk,AT,23449
A,2,inc infection,2 wk,AT,6644
A,2,inc case,2 wk,AT,13353
A,2,inc infection,3 wk,AT,3449
A,2,inc case,3 wk,AT,2035
A,2,inc infection,4 wk,AT,1931
A,2,inc case,4 wk,AT,1039
A,2,inc infection,5 wk,AT,1188
A,2,inc case,5 wk,AT,638
A,2,inc infection,6 wk,AT,858
A,2,inc case,6 wk,AT,395
A,2,inc infection,7 wk,AT,655
A,2,inc case,7 wk,AT,282
A,2,inc infection,8 wk,AT,1625
A,2,inc case,8 wk,AT,246
A,2,inc infection,9 wk,AT,3030
A,2,inc case,9 wk,AT,647
A,2,inc infection,10 wk,AT,3427
A,2,inc case,10 wk,AT,1079
A,2,inc infection,11 wk,AT,3568
A,2,inc case,11 wk,AT,1204
A,2,inc infection,12 wk,AT,3871
A,2,inc case,12 wk,AT,1266
A,2,inc infection,13 wk,AT,3499
A,2,inc case,13 wk,AT,1349
A,2,inc infection,14 wk,AT,3771
A,2,inc case,14 wk,AT,1271
A,2,inc infection,15 wk,AT,3512
A,2,inc case,15 wk,AT,1334
A,2,inc infection,16 wk,AT,4003
A,2,inc case,16 wk,AT,1190
A,2,inc infection,17 wk,AT,5070
A,2,inc case,17 wk,AT,1478
A,2,inc infection,18 wk,AT,6566
A,2,inc case,18 wk,AT,1818
A,2,inc infection,19 wk,AT,7880
A,2,inc case,19 wk,AT,2399
A,2,inc infection,20 wk,AT,13684
A,2,inc case,20 wk,AT,2701
A,2,inc infection,21 wk,AT,31274
A,2,inc case,21 wk,AT,5121
A,2,inc infection,22 wk,AT,80213
A,2,inc case,22 wk,AT,12175
A,2,inc infection,23 wk,AT,209770
A,2,inc case,23 wk,AT,30975
A,2,inc infection,24 wk,AT,569220
A,2,inc case,24 wk,AT,80990
A,2,inc infection,25 wk,AT,1089766
A,2,inc case,25 wk,AT,222276
A,2,inc infection,26 wk,AT,1203163
A,2,inc case,26 wk,AT,409100
A,2,inc infection,27 wk,AT,671120
A,2,inc case,27 wk,AT,414827
A,2,inc infection,28 wk,AT,245245
A,2,inc case,28 wk,AT,201843
A,2,inc infection,29 wk,AT,89561
A,2,inc case,29 wk,AT,70157
A,2,inc infection,30 wk,AT,38179
A,2,inc case,30 wk,AT,26447
A,2,inc infection,31 wk,AT,20490
A,2,inc case,31 wk,AT,11644
A,2,inc infection,32 wk,AT,13377
A,2,inc case,32 wk,AT,6572
A,2,inc infection,33 wk,AT,8517
A,2,inc case,33 wk,AT,4370
A,2,inc infection,34 wk,AT,6111
A,2,inc case,34 wk,AT,2787
A,2,inc infection,35 wk,AT,5157
A,2,inc case,35 wk,AT,2082
A,2,inc infection,36 wk,AT,5403
A,2,inc case,36 wk,AT,1798
A,2,inc infection,37 wk,AT,5845
A,2,inc case,37 wk,AT,1888
A,2,inc infection,38 wk,AT,6904
A,2,inc case,38 wk,AT,2058
A,2,inc infection,39 wk,AT,10515
A,2,inc case,39 wk,AT,2498
A,2,inc infection,40 wk,AT,17064
A,2,inc case,40 wk,AT,3889
A,2,inc infection,41 wk,AT,31280
A,2,inc case,41 wk,AT,6403
A,2,inc infection,42 wk,AT,60632
A,2,inc case,42 wk,AT,11727
A,2,inc infection,43 wk,AT,108155
A,2,inc case,43 wk,AT,23110
A,2,inc infection,44 wk,AT,137108
A,2,inc case,44 wk,AT,40185
A,2,inc hosp,1 wk,AT,35
A,2,inc icu,1 wk,AT,4
A,2,inc hosp,2 wk,AT,35
A,2,inc icu,2 wk,AT,3
A,2,inc hosp,3 wk,AT,13
A,2,inc icu,3 wk,AT,2
A,2,inc hosp,4 wk,AT,4
A,2,inc icu,4 wk,AT,1
A,2,inc hosp,5 wk,AT,2
A,2,inc icu,5 wk,AT,0
A,2,inc hosp,6 wk,AT,1
A,2,inc icu,6 wk,AT,0
A,2,inc hosp,7 wk,AT,1
A,2,inc icu,7 wk,AT,0
A,2,inc hosp,8 wk,AT,0
A,2,inc icu,8 wk,AT,0
A,2,inc hosp,9 wk,AT,1
A,2,inc icu,9 wk,AT,0
A,2,inc hosp,10 wk,AT,2
A,2,inc icu,10 wk,AT,0
A,2,inc hosp,11 wk,AT,2
A,2,inc icu,11 wk,AT,0
A,2,inc hosp,12 wk,AT,3
A,2,inc icu,12 wk,AT,0
A,2,inc hosp,13 wk,AT,3
A,2,inc icu,13 wk,AT,0
A,2,inc hosp,14 wk,AT,3
A,2,inc icu,14 wk,AT,0
A,2,inc hosp,15 wk,AT,3
A,2,inc icu,15 wk,AT,0
A,2,inc hosp,16 wk,AT,3
A,2,inc icu,16 wk,AT,0
A,2,inc hosp,17 wk,AT,3
A,2,inc icu,17 wk,AT,0
A,2,inc hosp,18 wk,AT,4
A,2,inc icu,18 wk,AT,0
A,2,inc hosp,19 wk,AT,5
A,2,inc icu,19 wk,AT,0
A,2,inc hosp,20 wk,AT,6
A,2,inc icu,20 wk,AT,0
A,2,inc hosp,21 wk,AT,9
A,2,inc icu,21 wk,AT,1
A,2,inc hosp,22 wk,AT,18
A,2,inc icu,22 wk,AT,1
A,2,inc hosp,23 wk,AT,45
A,2,inc icu,23 wk,AT,2
A,2,inc hosp,24 wk,AT,119
A,2,inc icu,24 wk,AT,6
A,2,inc hosp,25 wk,AT,338
A,2,inc icu,25 wk,AT,17
A,2,inc hosp,26 wk,AT,807
A,2,inc icu,26 wk,AT,45
A,2,inc hosp,27 wk,AT,1198
A,2,inc icu,27 wk,AT,82
A,2,inc hosp,28 wk,AT,961
A,2,inc icu,28 wk,AT,91
A,2,inc hosp,29 wk,AT,449
A,2,inc icu,29 wk,AT,62
A,2,inc hosp,30 wk,AT,172
A,2,inc icu,30 wk,AT,30
A,2,inc hosp,31 wk,AT,69
A,2,inc icu,31 wk,AT,12
A,2,inc hosp,32 wk,AT,33
A,2,inc icu,32 wk,AT,5
A,2,inc hosp,33 wk,AT,20
A,2,inc icu,33 wk,AT,3
A,2,inc hosp,34 wk,AT,13
A,2,inc icu,34 wk,AT,2
A,2,inc hosp,35 wk,AT,9
A,2,inc icu,35 wk,AT,1
A,2,inc hosp,36 wk,AT,7
A,2,inc icu,36 wk,AT,1
A,2,inc hosp,37 wk,AT,7
A,2,inc icu,37 wk,AT,1
A,2,inc hosp,38 wk,AT,7
A,2,inc icu,38 wk,AT,1
A,2,inc hosp,39 wk,AT,8
A,2,inc icu,39 wk,AT,1
A,2,inc hosp,40 wk,AT,11
A,2,inc icu,40 wk,AT,1
A,2,inc hosp,41 wk,AT,18
A,2,inc icu,41 wk,AT,1
A,2,inc hosp,42 wk,AT,31
A,2,inc icu,42 wk,AT,2
A,2,inc hosp,43 wk,AT,60
A,2,inc icu,43 wk,AT,4
A,2,inc hosp,44 wk,AT,114
A,2,inc icu,44 wk,AT,7
A,3,inc infection,1 wk,AT,45133
A,3,inc case,1 wk,AT,23868
A,3,inc infection,2 wk,AT,8048
A,3,inc case,2 wk,AT,13938
A,3,inc infection,3 wk,AT,4152
A,3,inc case,3 wk,AT,2505
A,3,inc infection,4 wk,AT,2382
A,3,inc case,4 wk,AT,1360
A,3,inc infection,5 wk,AT,1616
A,3,inc case,5 wk,AT,749
A,3,inc infection,6 wk,AT,1263
A,3,inc case,6 wk,AT,589
A,3,inc infection,7 wk,AT,812
A,3,inc case,7 wk,AT,389
A,3,inc infection,8 wk,AT,1687
A,3,inc case,8 wk,AT,274
A,3,inc infection,9 wk,AT,2384
A,3,inc case,9 wk,AT,625
A,3,inc infection,10 wk,AT,2784
A,3,inc case,10 wk,AT,864
A,3,inc infection,11 wk,AT,3101
A,3,inc case,11 wk,AT,1024
A,3,inc infection,12 wk,AT,3302
A,3,inc case,12 wk,AT,1065
A,3,inc infection,13 wk,AT,3720
A,3,inc case,13 wk,AT,1192
A,3,inc infection,14 wk,AT,4093
A,3,inc case,14 wk,AT,1336
A,3,inc infection,15 wk,AT,4350
A,3,inc case,15 wk,AT,1456
A,3,inc infection,16 wk,AT,5157
A,3,inc case,16 wk,AT,1496
A,3,inc infection,17 wk,AT,5671
A,3,inc case,17 wk,AT,1903
A,3,inc infection,18 wk,AT,7594
A,3,inc case,18 wk,AT,1976
A,3,inc infection,19 wk,AT,10345
A,3,inc case,19 wk,AT,2816
A,3,inc infection,20 wk,AT,19225
A,3,inc case,20 wk,AT,3700
A,3,inc infection,21 wk,AT,42042
A,3,inc case,21 wk,AT,7378
A,3,inc infection,22 wk,AT,104036
A,3,inc case,22 wk,AT,16108
A,3,inc infection,23 wk,AT,265162
A,3,inc case,23 wk,AT,39743
A,3,inc infection,24 wk,AT,660180
A,3,inc case,24 wk,AT,102965
A,3,inc infection,25 wk,AT,1128057
A,3,inc case,25 wk,AT,255808
A,3,inc infection,26 wk,AT,1088431
A,3,inc case,26 wk,AT,416655
A,3,inc infection,27 wk,AT,573658
A,3,inc case,27 wk,AT,367532
A,3,inc infection,28 wk,AT,213358
A,3,inc case,28 wk,AT,171710
A,3,inc infection,29 wk,AT,78777
A,3,inc case,29 wk,AT,61514
A,3,inc infection,30 wk,AT,34988
A,3,inc case,30 wk,AT,23457
A,3,inc infection,31 wk,AT,18950
A,3,inc case,31 wk,AT,10758
A,3,inc infection,32 wk,AT,11559
A,3,inc case,32 wk,AT,6094
A,3,inc infection,33 wk,AT,7687
A,3,inc case,33 wk,AT,3780
A,3,inc infection,34 wk,AT,5458
A,3,inc case,34 wk,AT,2479
A,3,inc infection,35 wk,AT,5339
A,3,inc case,35 wk,AT,1783
A,3,inc infection,36 wk,AT,5303
A,3,inc case,36 wk,AT,1895
A,3,inc infection,37 wk,AT,6127
A,3,inc case,37 wk,AT,1882
A,3,inc infection,38 wk,AT,8219
A,3,inc case,38 wk,AT,2262
A,3,inc infection,39 wk,AT,11855
A,3,inc case,39 wk,AT,2915
A,3,inc infection,40 wk,AT,22798
A,3,inc case,40 wk,AT,4409
A,3,inc infection,41 wk,AT,41619
A,3,inc case,41 wk,AT,8663
A,3,inc infection,42 wk,AT,77235
A,3,inc case,42 wk,AT,15606
A,3,inc infection,43 wk,AT,140020
A,3,inc case,43 wk,AT,29142
A,3,inc infection,44 wk,AT,174941
A,3,inc case,44 wk,AT,52549
A,3,inc hosp,1 wk,AT,35
A,3,inc icu,1 wk,AT,4
A,3,inc hosp,2 wk,AT,35
A,3,inc icu,2 wk,AT,3
A,3,inc hosp,3 wk,AT,14
A,3,inc icu,3 wk,AT,2
A,3,inc hosp,4 wk,AT,4
A,3,inc icu,4 wk,AT,1
A,3,inc hosp,5 wk,AT,2
A,3,inc icu,5 wk,AT,0
A,3,inc hosp,6 wk,AT,1
A,3,inc icu,6 wk,AT,0
A,3,inc hosp,7 wk,AT,1
A,3,inc icu,7 wk,AT,0
A,3,inc hosp,8 wk,AT,1
A,3,inc icu,8 wk,AT,0
A,3,inc hosp,9 wk,AT,1
A,3,inc icu,9 wk,AT,0
A,3,inc hosp,10 wk,AT,1
A,3,inc icu,10 wk,AT,0
A,3,inc hosp,11 wk,AT,2
A,3,inc icu,11 wk,AT,0
A,3,inc hosp,12 wk,AT,2
A,3,inc icu,12 wk,AT,0
A,3,inc hosp,13 wk,AT,2
A,3,inc icu,13 wk,AT,0
A,3,inc hosp,14 wk,AT,3
A,3,inc icu,14 wk,AT,0
A,3,inc hosp,15 wk,AT,3
A,3,inc icu,15 wk,AT,0
A,3,inc hosp,16 wk,AT,3
A,3,inc icu,16 wk,AT,0
A,3,inc hosp,17 wk,AT,4
A,3,inc icu,17 wk,AT,0
A,3,inc hosp,18 wk,AT,4
A,3,inc icu,18 wk,AT,0
A,3,inc hosp,19 wk,AT,5
A,3,inc icu,19 wk,AT,0
A,3,inc hosp,20 wk,AT,7
A,3,inc icu,20 wk,AT,1
A,3,inc hosp,21 wk,AT,12
A,3,inc icu,21 wk,AT,1
A,3,inc hosp,22 wk,AT,24
A,3,inc icu,22 wk,AT,1
A,3,inc hosp,23 wk,AT,60
A,3,inc icu,23 wk,AT,3
A,3,inc hosp,24 wk,AT,152
A,3,inc icu,24 wk,AT,8
A,3,inc hosp,25 wk,AT,410
A,3,inc icu,25 wk,AT,22
A,3,inc hosp,26 wk,AT,886
A,3,inc icu,26 wk,AT,52
A,3,inc hosp,27 wk,AT,1148
A,3,inc icu,27 wk,AT,84
A,3,inc hosp,28 wk,AT,844
A,3,inc icu,28 wk,AT,85
A,3,inc hosp,29 wk,AT,386
A,3,inc icu,29 wk,AT,54
A,3,inc hosp,30 wk,AT,151
A,3,inc icu,30 wk,AT,26
A,3,inc hosp,31 wk,AT,62
A,3,inc icu,31 wk,AT,11
A,3,inc hosp,32 wk,AT,30
A,3,inc icu,32 wk,AT,5
A,3,inc hosp,33 wk,AT,17
A,3,inc icu,33 wk,AT,2
A,3,inc hosp,34 wk,AT,12
A,3,inc icu,34 wk,AT,1
A,3,inc hosp,35 wk,AT,8
A,3,inc icu,35 wk,AT,1
A,3,inc hosp,36 wk,AT,7
A,3,inc icu,36 wk,AT,1
A,3,inc hosp,37 wk,AT,6
A,3,inc icu,37 wk,AT,1
A,3,inc hosp,38 wk,AT,7
A,3,inc icu,38 wk,AT,1
A,3,inc hosp,39 wk,AT,9
A,3,inc icu,39 wk,AT,1
A,3,inc hosp,40 wk,AT,12
A,3,inc icu,40 wk,AT,1
A,3,inc hosp,41 wk,AT,22
A,3,inc icu,41 wk,AT,1
A,3,inc hosp,42 wk,AT,42
A,3,inc icu,42 wk,AT,3
A,3,inc hosp,43 wk,AT,78
A,3,inc icu,43 wk,AT,5
A,3,inc hosp,44 wk,AT,146
A,3,inc icu,44 wk,AT,9
A,4,inc infection,1 wk,AT,43905
A,4,inc case,1 wk,AT,23956
A,4,inc infection,2 wk,AT,6589
A,4,inc case,2 wk,AT,13365
A,4,inc infection,3 wk,AT,3225
A,4,inc case,3 wk,AT,2048
A,4,inc infection,4 wk,AT,1682
A,4,inc case,4 wk,AT,977
A,4,inc infection,5 wk,AT,1149
A,4,inc case,5 wk,AT,560
A,4,inc infection,6 wk,AT,779
A,4,inc case,6 wk,AT,364
A,4,inc infection,7 wk,AT,713
A,4,inc case,7 wk,AT,264
A,4,inc infection,8 wk,AT,1750
A,4,inc case,8 wk,AT,252
A,4,inc infection,9 wk,AT,2449
A,4,inc case,9 wk,AT,676
A,4,inc infection,10 wk,AT,2858
A,4,inc case,10 wk,AT,896
A,4,inc infection,11 wk,AT,3286
A,4,inc case,11 wk,AT,986
A,4,inc infection,12 wk,AT,4075
A,4,inc case,12 wk,AT,1157
A,4,inc infection,13 wk,AT,4102
A,4,inc case,13 wk,AT,1487
A,4,inc infection,14 wk,AT,3975
A,4,inc case,14 wk,AT,1473
A,4,inc infection,15 wk,AT,4314
A,4,inc case,15 wk,AT,1344
A,4,inc infection,16 wk,AT,3853
A,4,inc case,16 wk,AT,1523
A,4,inc infection,17 wk,AT,4893
A,4,inc case,17 wk,AT,1383
A,4,inc infection,18 wk,AT,6351
A,4,inc case,18 wk,AT,1710
A,4,inc infection,19 wk,AT,8773
A,4,inc case,19 wk,AT,2348
A,4,inc infection,20 wk,AT,14495
A,4,inc case,20 wk,AT,3153
A,4,inc infection,21 wk,AT,31814
A,4,inc case,21 wk,AT,5501
A,4,inc infection,22 wk,AT,81085
A,4,inc case,22 wk,AT,12287
A,4,inc infection,23 wk,AT,212421
A,4,inc case,23 wk,AT,31134
A,4,inc infection,24 wk,AT,560929
A,4,inc case,24 wk,AT,82139
A,4,inc infection,25 wk,AT,1073428
A,4,inc case,25 wk,AT,218112
A,4,inc infection,26 wk,AT,1178473
A,4,inc case,26 wk,AT,401928
A,4,inc infection,27 wk,AT,664152
A,4,inc case,27 wk,AT,407868
A,4,inc infection,28 wk,AT,244253
A,4,inc case,28 wk,AT,200701
A,4,inc infection,29 wk,AT,86586
A,4,inc case,29 wk,AT,69126
A,4,inc infection,30 wk,AT,36138
A,4,inc case,30 wk,AT,25369
A,4,inc infection,31 wk,AT,18921
A,4,inc case,31 wk,AT,11067
A,4,inc infection,32 wk,AT,10674
A,4,inc case,32 wk,AT,6116
A,4,inc infection,33 wk,AT,7829
A,4,inc case,33 wk,AT,3354
A,4,inc infection,34 wk,AT,6126
A,4,inc case,34 wk,AT,2664
A,4,inc infection,35 wk,AT,5214
A,4,inc case,35 wk,AT,2118
A,4,inc infection,36 wk,AT,4600
A,4,inc case,36 wk,AT,1730
A,4,inc infection,37 wk,AT,5517
A,4,inc case,37 wk,AT,1575
A,4,inc infection,38 wk,AT,6908
A,4,inc case,38 wk,AT,2009
A,4,inc infection,39 wk,AT,10063
A,4,inc case,39 wk,AT,2499
A,4,inc infection,40 wk,AT,16221
A,4,inc case,40 wk,AT,3685
A,4,inc infection,41 wk,AT,29426
A,4,inc case,41 wk,AT,6087
A,4,inc infection,42 wk,AT,59287
A,4,inc case,42 wk,AT,11017
A,4,inc infection,43 wk,AT,107171
A,4,inc case,43 wk,AT,22454
A,4,inc infection,44 wk,AT,133556
A,4,inc case,44 wk,AT,40073
A,4,inc hosp,1 wk,AT,35
A,4,inc icu,1 wk,AT,4
A,4,inc hosp,2 wk,AT,35
A,4,inc icu,2 wk,AT,3
A,4,inc hosp,3 wk,AT,13
A,4,inc icu,3 wk,AT,2
A,4,inc hosp,4 wk,AT,4
A,4,inc icu,4 wk,AT,1
A,4,inc hosp,5 wk,AT,2
A,4,inc icu,5 wk,AT,0
A,4,inc hosp,6 wk,AT,1
A,4,inc icu,6 wk,AT,0
A,4,inc hosp,7 wk,AT,1
A,4,inc icu,7 wk,AT,0
A,4,inc hosp,8 wk,AT,0
A,4,inc icu,8 wk,AT,0
A,4,inc hosp,9 wk,AT,1
A,4,inc icu,9 wk,AT,0
A,4,inc hosp,10 wk,AT,2
A,4,inc icu,10 wk,AT,0
A,4,inc hosp,11 wk,AT,2
A,4,inc icu,11 wk,AT,0
A,4,inc hosp,12 wk,AT,2
A,4,inc icu,12 wk,AT,0
A,4,inc hosp,13 wk,AT,3
A,4,inc icu,13 wk,AT,0
A,4,inc hosp,14 wk,AT,3
A,4,inc icu,14 wk,AT,0
A,4,inc hosp,15 wk,AT,3
A,4,inc icu,15 wk,AT,0
A,4,inc hosp,16 wk,AT,3
A,4,inc icu,16 wk,AT,0
A,4,inc hosp,17 wk,AT,3
A,4,inc icu,17 wk,AT,0
A,4,inc hosp,18 wk,AT,4
A,4,inc icu,18 wk,AT,0
A,4,inc hosp,19 wk,AT,5
A,4,inc icu,19 wk,AT,0
A,4,inc hosp,20 wk,AT,6
A,4,inc icu,20 wk,AT,0
A,4,inc hosp,21 wk,AT,10
A,4,inc icu,21 wk,AT,1
A,4,inc hosp,22 wk,AT,18
A,4,inc icu,22 wk,AT,1
A,4,inc hosp,23 wk,AT,46
A,4,inc icu,23 wk,AT,2
A,4,inc hosp,24 wk,AT,121
A,4,inc icu,24 wk,AT,6
A,4,inc hosp,25 wk,AT,337
A,4,inc icu,25 wk,AT,17
A,4,inc hosp,26 wk,AT,796
A,4,inc icu,26 wk,AT,45
A,4,inc hosp,27 wk,AT,1174
A,4,inc icu,27 wk,AT,81
A,4,inc hosp,28 wk,AT,946
A,4,inc icu,28 wk,AT,90
A,4,inc hosp,29 wk,AT,447
A,4,inc icu,29 wk,AT,61
A,4,inc hosp,30 wk,AT,169
A,4,inc icu,30 wk,AT,30
A,4,inc hosp,31 wk,AT,66
A,4,inc icu,31 wk,AT,12
A,4,inc hosp,32 wk,AT,31
A,4,inc icu,32 wk,AT,5
A,4,inc hosp,33 wk,AT,17
A,4,inc icu,33 wk,AT,2
A,4,inc hosp,34 wk,AT,11
A,4,inc icu,34 wk,AT,1
A,4,inc hosp,35 wk,AT,8
A,4,inc icu,35 wk,AT,1
A,4,inc hosp,36 wk,AT,7
A,4,inc icu,36 wk,AT,1
A,4,inc hosp,37 wk,AT,6
A,4,inc icu,37 wk,AT,1
A,4,inc hosp,38 wk,AT,6
A,4,inc icu,38 wk,AT,1
A,4,inc hosp,39 wk,AT,8
A,4,inc icu,39 wk,AT,1
A,4,inc hosp,40 wk,AT,11
A,4,inc icu,40 wk,AT,1
A,4,inc hosp,41 wk,AT,17
A,4,inc icu,41 wk,AT,1
A,4,inc hosp,42 wk,AT,29
A,4,inc icu,42 wk,AT,2
A,4,inc hosp,43 wk,AT,59
A,4,inc icu,43 wk,AT,3
A,4,inc hosp,44 wk,AT,112
A,4,inc icu,44 wk,AT,7
B,1,inc infection,1 wk,AT,45080
B,1,inc case,1 wk,AT,24182
B,1,inc infection,2 wk,AT,7717
B,1,inc case,2 wk,AT,13882
B,1,inc infection,3 wk,AT,3636
B,1,inc case,3 wk,AT,2375
B,1,inc infection,4 wk,AT,2292
B,1,inc case,4 wk,AT,1149
B,1,inc infection,5 wk,AT,1209
B,1,inc case,5 wk,AT,723
B,1,inc infection,6 wk,AT,826
B,1,inc case,6 wk,AT,408
B,1,inc infection,7 wk,AT,723
B,1,inc case,7 wk,AT,257
B,1,inc infection,8 wk,AT,1618
B,1,inc case,8 wk,AT,263
B,1,inc infection,9 wk,AT,2497
B,1,inc case,9 wk,AT,650
B,1,inc infection,10 wk,AT,2757
B,1,inc case,10 wk,AT,884
B,1,inc infection,11 wk,AT,3311
B,1,inc case,11 wk,AT,979
B,1,inc infection,12 wk,AT,3664
B,1,inc case,12 wk,AT,1173
B,1,inc infection,13 wk,AT,3652
B,1,inc case,13 wk,AT,1296
B,1,inc infection,14 wk,AT,4201
B,1,inc case,14 wk,AT,1274
B,1,inc infection,15 wk,AT,4335
B,1,inc case,15 wk,AT,1478
B,1,inc infection,16 wk,AT,4600
B,1,inc case,16 wk,AT,1595
B,1,inc infection,17 wk,AT,5324
B,1,inc case,17 wk,AT,1567
B,1,inc infection,18 wk,AT,7722
B,1,inc case,18 wk,AT,1949
B,1,inc infection,19 wk,AT,10966
B,1,inc case,19 wk,AT,2913
B,1,inc infection,20 wk,AT,19466
B,1,inc case,20 wk,AT,3946
B,1,inc infection,21 wk,AT,43969
B,1,inc case,21 wk,AT,7321
B,1,inc infection,22 wk,AT,108373
B,1,inc case,22 wk,AT,17004
B,1,inc infection,23 wk,AT,280385
B,1,inc case,23 wk,AT,41686
B,1,inc infection,24 wk,AT,707090
B,1,inc case,24 wk,AT,108677
B,1,inc infection,25 wk,AT,1168594
B,1,inc case,25 wk,AT,274028
B,1,inc infection,26 wk,AT,1055958
B,1,inc case,26 wk,AT,428607
B,1,inc infection,27 wk,AT,520121
B,1,inc case,27 wk,AT,352237
B,1,inc infection,28 wk,AT,184860
B,1,inc case,28 wk,AT,153735
B,1,inc infection,29 wk,AT,68766
B,1,inc case,29 wk,AT,53608
B,1,inc infection,30 wk,AT,30690
B,1,inc case,30 wk,AT,20054
B,1,inc infection,31 wk,AT,15724
B,1,inc case,31 wk,AT,9562
B,1,inc infection,32 wk,AT,9215
B,1,inc case,32 wk,AT,4922
B,1,inc infection,33 wk,AT,6586
B,1,inc case,33 wk,AT,2990
B,1,inc infection,34 wk,AT,5050
B,1,inc case,34 wk,AT,2200
B,1,inc infection,35 wk,AT,4793
B,1,inc case,35 wk,AT,1752
B,1,inc infection,36 wk,AT,5332
B,1,inc case,36 wk,AT,1609
B,1,inc infection,37 wk,AT,6082
B,1,inc case,37 wk,AT,1948
B,1,inc infection,38 wk,AT,7609
B,1,inc case,38 wk,AT,2160
B,1,inc infection,39 wk,AT,11128
B,1,inc case,39 wk,AT,2717
B,1,inc infection,40 wk,AT,20716
B,1,inc case,40 wk,AT,4104
B,1,inc infection,41 wk,AT,39195
B,1,inc case,41 wk,AT,7892
B,1,inc infection,42 wk,AT,72420
B,1,inc case,42 wk,AT,14776
B,1,inc infection,43 wk,AT,132582
B,1,inc case,43 wk,AT,27404
B,1,inc infection,44 wk,AT,164808
B,1,inc case,44 wk,AT,49553
B,1,inc hosp,1 wk,AT,35
B,1,inc icu,1 wk,AT,4
B,1,inc hosp,2 wk,AT,37
B,1,inc icu,2 wk,AT,4
B,1,inc hosp,3 wk,AT,11
B,1,inc icu,3 wk,AT,2
B,1,inc hosp,4 wk,AT,4
B,1,inc icu,4 wk,AT,1
B,1,inc hosp,5 wk,AT,2
B,1,inc icu,5 wk,AT,0
B,1,inc hosp,6 wk,AT,1
B,1,inc icu,6 wk,AT,0
B,1,inc hosp,7 wk,AT,1
B,1,inc icu,7 wk,AT,0
B,1,inc hosp,8 wk,AT,0
B,1,inc icu,8 wk,AT,0
B,1,inc hosp,9 wk,AT,1
B,1,inc icu,9 wk,AT,0
B,1,inc hosp,10 wk,AT,2
B,1,inc icu,10 wk,AT,0
B,1,inc hosp,11 wk,AT,2
B,1,inc icu,11 wk,AT,0
B,1,inc hosp,12 wk,AT,2
B,1,inc icu,12 wk,AT,0
B,1,inc hosp,13 wk,AT,3
B,1,inc icu,13 wk,AT,0
B,1,inc hosp,14 wk,AT,3
B,1,inc icu,14 wk,AT,0
B,1,inc hosp,15 wk,AT,3
B,1,inc icu,15 wk,AT,0
B,1,inc hosp,16 wk,AT,3
B,1,inc icu,16 wk,AT,0
B,1,inc hosp,17 wk,AT,4
B,1,inc icu,17 wk,AT,0
B,1,inc hosp,18 wk,AT,4
B,1,inc icu,18 wk,AT,0
B,1,inc hosp,19 wk,AT,5
B,1,inc icu,19 wk,AT,0
B,1,inc hosp,20 wk,AT,8
B,1,inc icu,20 wk,AT,1
B,1,inc hosp,21 wk,AT,13
B,1,inc icu,21 wk,AT,1
B,1,inc hosp,22 wk,AT,26
B,1,inc icu,22 wk,AT,2
B,1,inc hosp,23 wk,AT,66
B,1,inc icu,23 wk,AT,4
B,1,inc hosp,24 wk,AT,168
B,1,inc icu,24 wk,AT,9
B,1,inc hosp,25 wk,AT,455
B,1,inc icu,25 wk,AT,24
B,1,inc hosp,26 wk,AT,937
B,1,inc icu,26 wk,AT,57
B,1,inc hosp,27 wk,AT,1102
B,1,inc icu,27 wk,AT,91
B,1,inc hosp,28 wk,AT,709
B,1,inc icu,28 wk,AT,87
B,1,inc hosp,29 wk,AT,297
B,1,inc icu,29 wk,AT,54
B,1,inc hosp,30 wk,AT,114
B,1,inc icu,30 wk,AT,25
B,1,inc hosp,31 wk,AT,48
B,1,inc icu,31 wk,AT,10
B,1,inc hosp,32 wk,AT,24
B,1,inc icu,32 wk,AT,4
B,1,inc hosp,33 wk,AT,13
B,1,inc icu,33 wk,AT,2
B,1,inc hosp,34 wk,AT,9
B,1,inc icu,34 wk,AT,1
B,1,inc hosp,35 wk,AT,6
B,1,inc icu,35 wk,AT,1
B,1,inc hosp,36 wk,AT,6
B,1,inc icu,36 wk,AT,1
B,1,inc hosp,37 wk,AT,6
B,1,inc icu,37 wk,AT,1
B,1,inc hosp,38 wk,AT,7
B,1,inc icu,38 wk,AT,1
B,1,inc hosp,39 wk,AT,9
B,1,inc icu,39 wk,AT,1
B,1,inc hosp,40 wk,AT,12
B,1,inc icu,40 wk,AT,1
B,1,inc hosp,41 wk,AT,21
B,1,inc icu,41 wk,AT,1
B,1,inc hosp,42 wk,AT,40
B,1,inc icu,42 wk,AT,2
B,1,inc hosp,43 wk,AT,75
B,1,inc icu,43 wk,AT,5
B,1,inc hosp,44 wk,AT,141
B,1,inc icu,44 wk,AT,9
B,2,inc infection,1 wk,AT,43080
B,2,inc case,1 wk,AT,23415
B,2,inc infection,2 wk,AT,6170
B,2,inc case,2 wk,AT,13217
B,2,inc infection,3 wk,AT,3266
B,2,inc case,3 wk,AT,1892
B,2,inc infection,4 wk,AT,2055
B,2,inc case,4 wk,AT,1021
B,2,inc infection,5 wk,AT,1300
B,2,inc case,5 wk,AT,695
B,2,inc infection,6 wk,AT,1030
B,2,inc case,6 wk,AT,450
B,2,inc infection,7 wk,AT,1111
B,2,inc case,7 wk,AT,334
B,2,inc infection,8 wk,AT,1705
B,2,inc case,8 wk,AT,399
B,2,inc infection,9 wk,AT,2296
B,2,inc case,9 wk,AT,641
B,2,inc infection,10 wk,AT,3002
B,2,inc case,10 wk,AT,840
B,2,inc infection,11 wk,AT,3482
B,2,inc case,11 wk,AT,1108
B,2,inc infection,12 wk,AT,3664
B,2,inc case,12 wk,AT,1189
B,2,inc infection,13 wk,AT,4004
B,2,inc case,13 wk,AT,1329
B,2,inc infection,14 wk,AT,3431
B,2,inc case,14 wk,AT,1403
B,2,inc infection,15 wk,AT,4209
B,2,inc case,15 wk,AT,1149
B,2,inc infection,16 wk,AT,4895
B,2,inc case,16 wk,AT,1551
B,2,inc infection,17 wk,AT,4746
B,2,inc case,17 wk,AT,1747
B,2,inc infection,18 wk,AT,6310
B,2,inc case,18 wk,AT,1638
B,2,inc infection,19 wk,AT,9030
B,2,inc case,19 wk,AT,2322
B,2,inc infection,20 wk,AT,17209
B,2,inc case,20 wk,AT,3303
B,2,inc infection,21 wk,AT,38358
B,2,inc case,21 wk,AT,6515
B,2,inc infection,22 wk,AT,97137
B,2,inc case,22 wk,AT,14699
B,2,inc infection,23 wk,AT,253186
B,2,inc case,23 wk,AT,37631
B,2,inc infection,24 wk,AT,655842
B,2,inc case,24 wk,AT,98425
B,2,inc infection,25 wk,AT,1139911
B,2,inc case,25 wk,AT,254830
B,2,inc infection,26 wk,AT,1100662
B,2,inc case,26 wk,AT,421787
B,2,inc infection,27 wk,AT,564681
B,2,inc case,27 wk,AT,371247
B,2,inc infection,28 wk,AT,201883
B,2,inc case,28 wk,AT,167397
B,2,inc infection,29 wk,AT,73136
B,2,inc case,29 wk,AT,57803
B,2,inc infection,30 wk,AT,28786
B,2,inc case,30 wk,AT,21483
B,2,inc infection,31 wk,AT,14263
B,2,inc case,31 wk,AT,8502
B,2,inc infection,32 wk,AT,8296
B,2,inc case,32 wk,AT,4537
B,2,inc infection,33 wk,AT,5486
B,2,inc case,33 wk,AT,2707
B,2,inc infection,34 wk,AT,4694
B,2,inc case,34 wk,AT,1777
B,2,inc infection,35 wk,AT,4206
B,2,inc case,35 wk,AT,1635
B,2,inc infection,36 wk,AT,3934
B,2,inc case,36 wk,AT,1471
B,2,inc infection,37 wk,AT,4181
B,2,inc case,37 wk,AT,1364
B,2,inc infection,38 wk,AT,5222
B,2,inc case,38 wk,AT,1511
B,2,inc infection,39 wk,AT,7700
B,2,inc case,39 wk,AT,1917
B,2,inc infection,40 wk,AT,12434
B,2,inc case,40 wk,AT,2764
B,2,inc infection,41 wk,AT,23975
B,2,inc case,41 wk,AT,4654
B,2,inc infection,42 wk,AT,48684
B,2,inc case,42 wk,AT,9047
B,2,inc infection,43 wk,AT,93304
B,2,inc case,43 wk,AT,18460
B,2,inc infection,44 wk,AT,120438
B,2,inc case,44 wk,AT,35309
B,2,inc hosp,1 wk,AT,35
B,2,inc icu,1 wk,AT,4
B,2,inc hosp,2 wk,AT,36
B,2,inc icu,2 wk,AT,3
B,2,inc hosp,3 wk,AT,10
B,2,inc icu,3 wk,AT,2
B,2,inc hosp,4 wk,AT,3
B,2,inc icu,4 wk,AT,1
B,2,inc hosp,5 wk,AT,2
B,2,inc icu,5 wk,AT,0
B,2,inc hosp,6 wk,AT,1
B,2,inc icu,6 wk,AT,0
B,2,inc hosp,7 wk,AT,1
B,2,inc icu,7 wk,AT,0
B,2,inc hosp,8 wk,AT,1
B,2,inc icu,8 wk,AT,0
B,2,inc hosp,9 wk,AT,1
B,2,inc icu,9 wk,AT,0
B,2,inc hosp,10 wk,AT,1
B,2,inc icu,10 wk,AT,0
B,2,inc hosp,11 wk,AT,2
B,2,inc icu,11 wk,AT,0
B,2,inc hosp,12 wk,AT,2
B,2,inc icu,12 wk,AT,0
B,2,inc hosp,13 wk,AT,3
B,2,inc icu,13 wk,AT,0
B,2,inc hosp,14 wk,AT,3
B,2,inc icu,14 wk,AT,0
B,2,inc hosp,15 wk,AT,3
B,2,inc icu,15 wk,AT,0
B,2,inc hosp,16 wk,AT,3
B,2,inc icu,16 wk,AT,0
B,2,inc hosp,17 wk,AT,4
B,2,inc icu,17 wk,AT,0
B,2,inc hosp,18 wk,AT,4
B,2,inc icu,18 wk,AT,0
B,2,inc hosp,19 wk,AT,4
B,2,inc icu,19 wk,AT,0
B,2,inc hosp,20 wk,AT,6
B,2,inc icu,20 wk,AT,0
B,2,inc hosp,21 wk,AT,11
B,2,inc icu,21 wk,AT,1
B,2,inc hosp,22 wk,AT,23
B,2,inc icu,22 wk,AT,1
B,2,inc hosp,23 wk,AT,58
B,2,inc icu,23 wk,AT,3
B,2,inc hosp,24 wk,AT,151
B,2,inc icu,24 wk,AT,8
B,2,inc hosp,25 wk,AT,416
B,2,inc icu,25 wk,AT,22
B,2,inc hosp,26 wk,AT,894
B,2,inc icu,26 wk,AT,53
B,2,inc hosp,27 wk,AT,1122
B,2,inc icu,27 wk,AT,89
B,2,inc hosp,28 wk,AT,758
B,2,inc icu,28 wk,AT,90
B,2,inc hosp,29 wk,AT,323
B,2,inc icu,29 wk,AT,57
B,2,inc hosp,30 wk,AT,123
B,2,inc icu,30 wk,AT,27
B,2,inc hosp,31 wk,AT,48
B,2,inc icu,31 wk,AT,11
B,2,inc hosp,32 wk,AT,22
B,2,inc icu,32 wk,AT,4
B,2,inc hosp,33 wk,AT,12
B,2,inc icu,33 wk,AT,2
B,2,inc hosp,34 wk,AT,8
B,2,inc icu,34 wk,AT,1
B,2,inc hosp,35 wk,AT,6
B,2,inc icu,35 wk,AT,1
B,2,inc hosp,36 wk,AT,5
B,2,inc icu,36 wk,AT,1
B,2,inc hosp,37 wk,AT,5
B,2,inc icu,37 wk,AT,0
B,2,inc hosp,38 wk,AT,5
B,2,inc icu,38 wk,AT,0
B,2,inc hosp,39 wk,AT,6
B,2,inc icu,39 wk,AT,0
B,2,inc hosp,40 wk,AT,9
B,2,inc icu,40 wk,AT,1
B,2,inc hosp,41 wk,AT,13
B,2,inc icu,41 wk,AT,1
B,2,inc hosp,42 wk,AT,24
B,2,inc icu,42 wk,AT,2
B,2,inc hosp,43 wk,AT,48
B,2,inc icu,43 wk,AT,3
B,2,inc hosp,44 wk,AT,98
B,2,inc icu,44 wk,AT,6
B,3,inc infection,1 wk,AT,44006
B,3,inc case,1 wk,AT,23329
B,3,inc infection,2 wk,AT,6981
B,3,inc case,2 wk,AT,13576
B,3,inc infection,3 wk,AT,3945
B,3,inc case,3 wk,AT,2206
B,3,inc infection,4 wk,AT,2159
B,3,inc case,4 wk,AT,1280
B,3,inc infection,5 wk,AT,1455
B,3,inc case,5 wk,AT,659
B,3,inc infection,6 wk,AT,1193
B,3,inc case,6 wk,AT,495
B,3,inc infection,7 wk,AT,970
B,3,inc case,7 wk,AT,408
B,3,inc infection,8 wk,AT,1416
B,3,inc case,8 wk,AT,345
B,3,inc infection,9 wk,AT,2157
B,3,inc case,9 wk,AT,520
B,3,inc infection,10 wk,AT,2882
B,3,inc case,10 wk,AT,789
B,3,inc infection,11 wk,AT,3310
B,3,inc case,11 wk,AT,1080
B,3,inc infection,12 wk,AT,3828
B,3,inc case,12 wk,AT,1152
B,3,inc infection,13 wk,AT,4039
B,3,inc case,13 wk,AT,1387
B,3,inc infection,14 wk,AT,3747
B,3,inc case,14 wk,AT,1359
B,3,inc infection,15 wk,AT,3989
B,3,inc case,15 wk,AT,1310
B,3,inc infection,16 wk,AT,4228
B,3,inc case,16 wk,AT,1444
B,3,inc infection,17 wk,AT,5563
B,3,inc case,17 wk,AT,1500
B,3,inc infection,18 wk,AT,7633
B,3,inc case,18 wk,AT,2044
B,3,inc infection,19 wk,AT,9959
B,3,inc case,19 wk,AT,2727
B,3,inc infection,20 wk,AT,17050
B,3,inc case,20 wk,AT,3533
B,3,inc infection,21 wk,AT,39182
B,3,inc case,21 wk,AT,6521
B,3,inc infection,22 wk,AT,106205
B,3,inc case,22 wk,AT,14997
B,3,inc infection,23 wk,AT,285758
B,3,inc case,23 wk,AT,41434
B,3,inc infection,24 wk,AT,708618
B,3,inc case,24 wk,AT,110393
B,3,inc infection,25 wk,AT,1154845
B,3,inc case,25 wk,AT,274731
B,3,inc infection,26 wk,AT,1046083
B,3,inc case,26 wk,AT,423604
B,3,inc infection,27 wk,AT,519054
B,3,inc case,27 wk,AT,349264
B,3,inc infection,28 wk,AT,185579
B,3,inc case,28 wk,AT,153320
B,3,inc infection,29 wk,AT,67581
B,3,inc case,29 wk,AT,53410
B,3,inc infection,30 wk,AT,29548
B,3,inc case,30 wk,AT,19712
B,3,inc infection,31 wk,AT,15028
B,3,inc case,31 wk,AT,9172
B,3,inc infection,32 wk,AT,8984
B,3,inc case,32 wk,AT,4737
B,3,inc infection,33 wk,AT,5563
B,3,inc case,33 wk,AT,2941
B,3,inc infection,34 wk,AT,5027
B,3,inc case,34 wk,AT,1820
B,3,inc infection,35 wk,AT,4738
B,3,inc case,35 wk,AT,1785
B,3,inc infection,36 wk,AT,5233
B,3,inc case,36 wk,AT,1603
B,3,inc infection,37 wk,AT,5972
B,3,inc case,37 wk,AT,1846
B,3,inc infection,38 wk,AT,9287
B,3,inc case,38 wk,AT,2137
B,3,inc infection,39 wk,AT,16131
B,3,inc case,39 wk,AT,3490
B,3,inc infection,40 wk,AT,28090
B,3,inc case,40 wk,AT,5984
B,3,inc infection,41 wk,AT,49150
B,3,inc case,41 wk,AT,10431
B,3,inc infection,42 wk,AT,93352
B,3,inc case,42 wk,AT,18577
B,3,inc infection,43 wk,AT,163527
B,3,inc case,43 wk,AT,35460
B,3,inc infection,44 wk,AT,190640
B,3,inc case,44 wk,AT,60830
B,3,inc hosp,1 wk,AT,35
B,3,inc icu,1 wk,AT,4
B,3,inc hosp,2 wk,AT,36
B,3,inc icu,2 wk,AT,4
B,3,inc hosp,3 wk,AT,11
B,3,inc icu,3 wk,AT,2
B,3,inc hosp,4 wk,AT,4
B,3,inc icu,4 wk,AT,1
B,3,inc hosp,5 wk,AT,2
B,3,inc icu,5 wk,AT,0
B,3,inc hosp,6 wk,AT,1
B,3,inc icu,6 wk,AT,0
B,3,inc hosp,7 wk,AT,1
B,3,inc icu,7 wk,AT,0
B,3,inc hosp,8 wk,AT,1
B,3,inc icu,8 wk,AT,0
B,3,inc hosp,9 wk,AT,1
B,3,inc icu,9 wk,AT,0
B,3,inc hosp,10 wk,AT,1
B,3,inc icu,10 wk,AT,0
B,3,inc hosp,11 wk,AT,2
B,3,inc icu,11 wk,AT,0
B,3,inc hosp,12 wk,AT,2
B,3,inc icu,12 wk,AT,0
B,3,inc hosp,13 wk,AT,3
B,3,inc icu,13 wk,AT,0
B,3,inc hosp,14 wk,AT,3
B,3,inc icu,14 wk,AT,0
B,3,inc hosp,15 wk,AT,3
B,3,inc icu,15 wk,AT,0
B,3,inc hosp,16 wk,AT,3
B,3,inc icu,16 wk,AT,0
B,3,inc hosp,17 wk,AT,3
B,3,inc icu,17 wk,AT,0
B,3,inc hosp,18 wk,AT,4
B,3,inc icu,18 wk,AT,0
B,3,inc hosp,19 wk,AT,5
B,3,inc icu,19 wk,AT,0
B,3,inc hosp,20 wk,AT,7
B,3,inc icu,20 wk,AT,1
B,3,inc hosp,21 wk,AT,11
B,3,inc icu,21 wk,AT,1
B,3,inc hosp,22 wk,AT,23
B,3,inc icu,22 wk,AT,1
B,3,inc hosp,23 wk,AT,62
B,3,inc icu,23 wk,AT,3
B,3,inc hosp,24 wk,AT,171
B,3,inc icu,24 wk,AT,9
B,3,inc hosp,25 wk,AT,459
B,3,inc icu,25 wk,AT,24
B,3,inc hosp,26 wk,AT,928
B,3,inc icu,26 wk,AT,57
B,3,inc hosp,27 wk,AT,1090
B,3,inc icu,27 wk,AT,90
B,3,inc hosp,28 wk,AT,705
B,3,inc icu,28 wk,AT,86
B,3,inc hosp,29 wk,AT,297
B,3,inc icu,29 wk,AT,53
B,3,inc hosp,30 wk,AT,114
B,3,inc icu,30 wk,AT,25
B,3,inc hosp,31 wk,AT,47
B,3,inc icu,31 wk,AT,10
B,3,inc hosp,32 wk,AT,22
B,3,inc icu,32 wk,AT,4
B,3,inc hosp,33 wk,AT,13
B,3,inc icu,33 wk,AT,2
B,3,inc hosp,34 wk,AT,8
B,3,inc icu,34 wk,AT,1
B,3,inc hosp,35 wk,AT,6
B,3,inc icu,35 wk,AT,1
B,3,inc hosp,36 wk,AT,6
B,3,inc icu,36 wk,AT,1
B,3,inc hosp,37 wk,AT,6
B,3,inc icu,37 wk,AT,1
B,3,inc hosp,38 wk,AT,7
B,3,inc icu,38 wk,AT,1
B,3,inc hosp,39 wk,AT,10
B,3,inc icu,39 wk,AT,1
B,3,inc hosp,40 wk,AT,16
B,3,inc icu,40 wk,AT,1
B,3,inc hosp,41 wk,AT,29
B,3,inc icu,41 wk,AT,2
B,3,inc hosp,42 wk,AT,50
B,3,inc icu,42 wk,AT,3
B,3,inc hosp,43 wk,AT,96
B,3,inc icu,43 wk,AT,6
B,3,inc hosp,44 wk,AT,178
B,3,inc icu,44 wk,AT,11
B,4,inc infection,1 wk,AT,43373
B,4,inc case,1 wk,AT,23510
B,4,inc infection,2 wk,AT,6189
B,4,inc case,2 wk,AT,13246
B,4,inc infection,3 wk,AT,3011
B,4,inc case,3 wk,AT,1883
B,4,inc infection,4 wk,AT,1710
B,4,inc case,4 wk,AT,934
B,4,inc infection,5 wk,AT,1076
B,4,inc case,5 wk,AT,581
B,4,inc infection,6 wk,AT,796
B,4,inc case,6 wk,AT,354
B,4,inc infection,7 wk,AT,701
B,4,inc case,7 wk,AT,257
B,4,inc infection,8 wk,AT,1897
B,4,inc case,8 wk,AT,227
B,4,inc infection,9 wk,AT,3120
B,4,inc case,9 wk,AT,766
B,4,inc infection,10 wk,AT,3463
B,4,inc case,10 wk,AT,1171
B,4,inc infection,11 wk,AT,2895
B,4,inc case,11 wk,AT,1139
B,4,inc infection,12 wk,AT,3187
B,4,inc case,12 wk,AT,1030
B,4,inc infection,13 wk,AT,3864
B,4,inc case,13 wk,AT,1147
B,4,inc infection,14 wk,AT,4344
B,4,inc case,14 wk,AT,1412
B,4,inc infection,15 wk,AT,4729
B,4,inc case,15 wk,AT,1558
B,4,inc infection,16 wk,AT,5051
B,4,inc case,16 wk,AT,1659
B,4,inc infection,17 wk,AT,5426
B,4,inc case,17 wk,AT,1760
B,4,inc infection,18 wk,AT,7026
B,4,inc case,18 wk,AT,1916
B,4,inc infection,19 wk,AT,9402
B,4,inc case,19 wk,AT,2566
B,4,inc infection,20 wk,AT,16156
B,4,inc case,20 wk,AT,3318
B,4,inc infection,21 wk,AT,38020
B,4,inc case,21 wk,AT,6227
B,4,inc infection,22 wk,AT,100773
B,4,inc case,22 wk,AT,14569
B,4,inc infection,23 wk,AT,265085
B,4,inc case,23 wk,AT,39023
B,4,inc infection,24 wk,AT,682168
B,4,inc case,24 wk,AT,102555
B,4,inc infection,25 wk,AT,1177937
B,4,inc case,25 wk,AT,264628
B,4,inc infection,26 wk,AT,1109757
B,4,inc case,26 wk,AT,436073
B,4,inc infection,27 wk,AT,547997
B,4,inc case,27 wk,AT,372267
B,4,inc infection,28 wk,AT,193723
B,4,inc case,28 wk,AT,160914
B,4,inc infection,29 wk,AT,70855
B,4,inc case,29 wk,AT,55822
B,4,inc infection,30 wk,AT,28516
B,4,inc case,30 wk,AT,20927
B,4,inc infection,31 wk,AT,13486
B,4,inc case,31 wk,AT,8426
B,4,inc infection,32 wk,AT,7422
B,4,inc case,32 wk,AT,4258
B,4,inc infection,33 wk,AT,5270
B,4,inc case,33 wk,AT,2365
B,4,inc infection,34 wk,AT,3934
B,4,inc case,34 wk,AT,1858
B,4,inc infection,35 wk,AT,3231
B,4,inc case,35 wk,AT,1250
B,4,inc infection,36 wk,AT,3192
B,4,inc case,36 wk,AT,1147
B,4,inc infection,37 wk,AT,3124
B,4,inc case,37 wk,AT,1062
B,4,inc infection,38 wk,AT,4017
B,4,inc case,38 wk,AT,1142
B,4,inc infection,39 wk,AT,5439
B,4,inc case,39 wk,AT,1427
B,4,inc infection,40 wk,AT,8398
B,4,inc case,40 wk,AT,1958
B,4,inc infection,41 wk,AT,16093
B,4,inc case,41 wk,AT,3208
B,4,inc infection,42 wk,AT,32330
B,4,inc case,42 wk,AT,6157
B,4,inc infection,43 wk,AT,61601
B,4,inc case,43 wk,AT,12466
B,4,inc infection,44 wk,AT,81872
B,4,inc case,44 wk,AT,22785
B,4,inc hosp,1 wk,AT,35
B,4,inc icu,1 wk,AT,4
B,4,inc hosp,2 wk,AT,36
B,4,inc icu,2 wk,AT,4
B,4,inc hosp,3 wk,AT,10
B,4,inc icu,3 wk,AT,2
B,4,inc hosp,4 wk,AT,3
B,4,inc icu,4 wk,AT,1
B,4,inc hosp,5 wk,AT,2
B,4,inc icu,5 wk,AT,0
B,4,inc hosp,6 wk,AT,1
B,4,inc icu,6 wk,AT,0
B,4,inc hosp,7 wk,AT,1
B,4,inc icu,7 wk,AT,0
B,4,inc hosp,8 wk,AT,0
B,4,inc icu,8 wk,AT,0
B,4,inc hosp,9 wk,AT,1
B,4,inc icu,9 wk,AT,0
B,4,inc hosp,10 wk,AT,2
B,4,inc icu,10 wk,AT,0
B,4,inc hosp,11 wk,AT,2
B,4,inc icu,11 wk,AT,0
B,4,inc hosp,12 wk,AT,2
B,4,inc icu,12 wk,AT,0
B,4,inc hosp,13 wk,AT,2
B,4,inc icu,13 wk,AT,0
B,4,inc hosp,14 wk,AT,3
B,4,inc icu,14 wk,AT,0
B,4,inc hosp,15 wk,AT,3
B,4,inc icu,15 wk,AT,0
B,4,inc hosp,16 wk,AT,3
B,4,inc icu,16 wk,AT,0
B,4,inc hosp,17 wk,AT,4
B,4,inc icu,17 wk,AT,0
B,4,inc hosp,18 wk,AT,4
B,4,inc icu,18 wk,AT,0
B,4,inc hosp,19 wk,AT,5
B,4,inc icu,19 wk,AT,0
B,4,inc hosp,20 wk,AT,7
B,4,inc icu,20 wk,AT,1
B,4,inc hosp,21 wk,AT,10
B,4,inc icu,21 wk,AT,1
B,4,inc hosp,22 wk,AT,23
B,4,inc icu,22 wk,AT,1
B,4,inc hosp,23 wk,AT,59
B,4,inc icu,23 wk,AT,3
B,4,inc hosp,24 wk,AT,158
B,4,inc icu,24 wk,AT,8
B,4,inc hosp,25 wk,AT,435
B,4,inc icu,25 wk,AT,23
B,4,inc hosp,26 wk,AT,926
B,4,inc icu,26 wk,AT,56
B,4,inc hosp,27 wk,AT,1144
B,4,inc icu,27 wk,AT,92
B,4,inc hosp,28 wk,AT,747
B,4,inc icu,28 wk,AT,91
B,4,inc hosp,29 wk,AT,312
B,4,inc icu,29 wk,AT,56
B,4,inc hosp,30 wk,AT,119
B,4,inc icu,30 wk,AT,26
B,4,inc hosp,31 wk,AT,48
B,4,inc icu,31 wk,AT,11
B,4,inc hosp,32 wk,AT,21
B,4,inc icu,32 wk,AT,4
B,4,inc hosp,33 wk,AT,11
B,4,inc icu,33 wk,AT,2
B,4,inc hosp,34 wk,AT,7
B,4,inc icu,34 wk,AT,1
B,4,inc hosp,35 wk,AT,5
B,4,inc icu,35 wk,AT,1
B,4,inc hosp,36 wk,AT,4
B,4,inc icu,36 wk,AT,0
B,4,inc hosp,37 wk,AT,4
B,4,inc icu,37 wk,AT,0
B,4,inc hosp,38 wk,AT,4
B,4,inc icu,38 wk,AT,0
B,4,inc hosp,39 wk,AT,5
B,4,inc icu,39 wk,AT,0
B,4,inc hosp,40 wk,AT,6
B,4,inc icu,40 wk,AT,0
B,4,inc hosp,41 wk,AT,9
B,4,inc icu,41 wk,AT,1
B,4,inc hosp,42 wk,AT,16
B,4,inc icu,42 wk,AT,1
B,4,inc hosp,43 wk,AT,32
B,4,inc icu,43 wk,AT,2
B,4,inc hosp,44 wk,AT,65
B,4,inc icu,44 wk,AT,4
