forecast_date,scenario_id,target,target_end_date,location,type,quantile,value
2022-03-13,forecast,1 wk ahead inc case,2022-03-19,ES,point,NA,18021
2022-03-13,forecast,1 wk ahead inc case,2022-03-19,ES,quantile,0.01,17882
2022-03-13,forecast,1 wk ahead inc case,2022-03-19,ES,quantile,25,17882
2022-03-13,forecast,1 wk ahead inc case,2022-03-19,ES,quantile,0.05,17882
2022-03-13,forecast,1 wk ahead inc case,2022-03-19,ES,quantile,0.1,17882
2022-03-13,forecast,1 wk ahead inc case,2022-03-19,ES,quantile,0.15,17882
2022-03-13,forecast,1 wk ahead inc case,2022-03-19,ES,quantile,0.2,17883
2022-03-13,forecast,1 wk ahead inc case,2022-03-19,ES,quantile,0.25,17883
2022-03-13,forecast,1 wk ahead inc case,2022-03-19,ES,quantile,0.3,17917
2022-03-13,forecast,1 wk ahead inc case,2022-03-19,ES,quantile,0.35,17950
2022-03-13,forecast,1 wk ahead inc case,2022-03-19,ES,quantile,0.4,17984
2022-03-13,forecast,1 wk ahead inc case,2022-03-19,ES,quantile,0.45,18009
2022-03-13,forecast,1 wk ahead inc case,2022-03-19,ES,quantile,0.5,18029
2022-03-13,forecast,1 wk ahead inc case,2022-03-19,ES,quantile,0.55,18049
2022-03-13,forecast,1 wk ahead inc case,2022-03-19,ES,quantile,0.6,18064
2022-03-13,forecast,1 wk ahead inc case,2022-03-19,ES,quantile,0.65,18065
2022-03-13,forecast,1 wk ahead inc case,2022-03-19,ES,quantile,0.7,18067
2022-03-13,forecast,1 wk ahead inc case,2022-03-19,ES,quantile,0.75,18068
2022-03-13,forecast,1 wk ahead inc case,2022-03-19,ES,quantile,0.8,18118
2022-03-13,forecast,1 wk ahead inc case,2022-03-19,ES,quantile,0.85,18169
2022-03-13,forecast,1 wk ahead inc case,2022-03-19,ES,quantile,0.9,18219
2022-03-13,forecast,1 wk ahead inc case,2022-03-19,ES,quantile,0.95,18236
2022-03-13,forecast,1 wk ahead inc case,2022-03-19,ES,quantile,975,18236
2022-03-13,forecast,1 wk ahead inc case,2022-03-19,ES,quantile,0.99,18236
2022-03-13,forecast,2 wk ahead inc case,2022-03-26,ES,point,NA,14690
2022-03-13,forecast,2 wk ahead inc case,2022-03-26,ES,quantile,0.01,14618
2022-03-13,forecast,2 wk ahead inc case,2022-03-26,ES,quantile,25,14618
2022-03-13,forecast,2 wk ahead inc case,2022-03-26,ES,quantile,0.05,14618
2022-03-13,forecast,2 wk ahead inc case,2022-03-26,ES,quantile,0.1,14623
2022-03-13,forecast,2 wk ahead inc case,2022-03-26,ES,quantile,0.15,14638
2022-03-13,forecast,2 wk ahead inc case,2022-03-26,ES,quantile,0.2,14653
2022-03-13,forecast,2 wk ahead inc case,2022-03-26,ES,quantile,0.25,14668
2022-03-13,forecast,2 wk ahead inc case,2022-03-26,ES,quantile,0.3,14671
2022-03-13,forecast,2 wk ahead inc case,2022-03-26,ES,quantile,0.35,14673
2022-03-13,forecast,2 wk ahead inc case,2022-03-26,ES,quantile,0.4,14676
2022-03-13,forecast,2 wk ahead inc case,2022-03-26,ES,quantile,0.45,14682
2022-03-13,forecast,2 wk ahead inc case,2022-03-26,ES,quantile,0.5,14689
2022-03-13,forecast,2 wk ahead inc case,2022-03-26,ES,quantile,0.55,14696
2022-03-13,forecast,2 wk ahead inc case,2022-03-26,ES,quantile,0.6,14703
2022-03-13,forecast,2 wk ahead inc case,2022-03-26,ES,quantile,0.65,14709
2022-03-13,forecast,2 wk ahead inc case,2022-03-26,ES,quantile,0.7,14714
2022-03-13,forecast,2 wk ahead inc case,2022-03-26,ES,quantile,0.75,14720
2022-03-13,forecast,2 wk ahead inc case,2022-03-26,ES,quantile,0.8,14730
2022-03-13,forecast,2 wk ahead inc case,2022-03-26,ES,quantile,0.85,14740
2022-03-13,forecast,2 wk ahead inc case,2022-03-26,ES,quantile,0.9,14750
2022-03-13,forecast,2 wk ahead inc case,2022-03-26,ES,quantile,0.95,14753
2022-03-13,forecast,2 wk ahead inc case,2022-03-26,ES,quantile,975,14753
2022-03-13,forecast,2 wk ahead inc case,2022-03-26,ES,quantile,0.99,14753
2022-03-13,forecast,3 wk ahead inc case,2022-04-02,ES,point,NA,8875
2022-03-13,forecast,3 wk ahead inc case,2022-04-02,ES,quantile,0.01,8863
2022-03-13,forecast,3 wk ahead inc case,2022-04-02,ES,quantile,25,8863
2022-03-13,forecast,3 wk ahead inc case,2022-04-02,ES,quantile,0.05,8863
2022-03-13,forecast,3 wk ahead inc case,2022-04-02,ES,quantile,0.1,8863
2022-03-13,forecast,3 wk ahead inc case,2022-04-02,ES,quantile,0.15,8864
2022-03-13,forecast,3 wk ahead inc case,2022-04-02,ES,quantile,0.2,8865
2022-03-13,forecast,3 wk ahead inc case,2022-04-02,ES,quantile,0.25,8866
2022-03-13,forecast,3 wk ahead inc case,2022-04-02,ES,quantile,0.3,8868
2022-03-13,forecast,3 wk ahead inc case,2022-04-02,ES,quantile,0.35,8870
2022-03-13,forecast,3 wk ahead inc case,2022-04-02,ES,quantile,0.4,8872
2022-03-13,forecast,3 wk ahead inc case,2022-04-02,ES,quantile,0.45,8873
2022-03-13,forecast,3 wk ahead inc case,2022-04-02,ES,quantile,0.5,8874
2022-03-13,forecast,3 wk ahead inc case,2022-04-02,ES,quantile,0.55,8875
2022-03-13,forecast,3 wk ahead inc case,2022-04-02,ES,quantile,0.6,8876
2022-03-13,forecast,3 wk ahead inc case,2022-04-02,ES,quantile,0.65,8877
2022-03-13,forecast,3 wk ahead inc case,2022-04-02,ES,quantile,0.7,8879
2022-03-13,forecast,3 wk ahead inc case,2022-04-02,ES,quantile,0.75,8880
2022-03-13,forecast,3 wk ahead inc case,2022-04-02,ES,quantile,0.8,8883
2022-03-13,forecast,3 wk ahead inc case,2022-04-02,ES,quantile,0.85,8887
2022-03-13,forecast,3 wk ahead inc case,2022-04-02,ES,quantile,0.9,8890
2022-03-13,forecast,3 wk ahead inc case,2022-04-02,ES,quantile,0.95,8891
2022-03-13,forecast,3 wk ahead inc case,2022-04-02,ES,quantile,975,8891
2022-03-13,forecast,3 wk ahead inc case,2022-04-02,ES,quantile,0.99,8891
2022-03-13,forecast,4 wk ahead inc case,2022-04-09,ES,point,NA,4469
2022-03-13,forecast,4 wk ahead inc case,2022-04-09,ES,quantile,0.01,4457
2022-03-13,forecast,4 wk ahead inc case,2022-04-09,ES,quantile,25,4457
2022-03-13,forecast,4 wk ahead inc case,2022-04-09,ES,quantile,0.05,4457
2022-03-13,forecast,4 wk ahead inc case,2022-04-09,ES,quantile,0.1,4457
2022-03-13,forecast,4 wk ahead inc case,2022-04-09,ES,quantile,0.15,4459
2022-03-13,forecast,4 wk ahead inc case,2022-04-09,ES,quantile,0.2,4460
2022-03-13,forecast,4 wk ahead inc case,2022-04-09,ES,quantile,0.25,4461
2022-03-13,forecast,4 wk ahead inc case,2022-04-09,ES,quantile,0.3,4461
2022-03-13,forecast,4 wk ahead inc case,2022-04-09,ES,quantile,0.35,4461
2022-03-13,forecast,4 wk ahead inc case,2022-04-09,ES,quantile,0.4,4461
2022-03-13,forecast,4 wk ahead inc case,2022-04-09,ES,quantile,0.45,4462
2022-03-13,forecast,4 wk ahead inc case,2022-04-09,ES,quantile,0.5,4465
2022-03-13,forecast,4 wk ahead inc case,2022-04-09,ES,quantile,0.55,4467
2022-03-13,forecast,4 wk ahead inc case,2022-04-09,ES,quantile,0.6,4469
2022-03-13,forecast,4 wk ahead inc case,2022-04-09,ES,quantile,0.65,4470
2022-03-13,forecast,4 wk ahead inc case,2022-04-09,ES,quantile,0.7,4472
2022-03-13,forecast,4 wk ahead inc case,2022-04-09,ES,quantile,0.75,4474
2022-03-13,forecast,4 wk ahead inc case,2022-04-09,ES,quantile,0.8,4480
2022-03-13,forecast,4 wk ahead inc case,2022-04-09,ES,quantile,0.85,4487
2022-03-13,forecast,4 wk ahead inc case,2022-04-09,ES,quantile,0.9,4493
2022-03-13,forecast,4 wk ahead inc case,2022-04-09,ES,quantile,0.95,4495
2022-03-13,forecast,4 wk ahead inc case,2022-04-09,ES,quantile,975,4495
2022-03-13,forecast,4 wk ahead inc case,2022-04-09,ES,quantile,0.99,4495
2022-03-13,forecast,5 wk ahead inc case,2022-04-16,ES,point,NA,2080
2022-03-13,forecast,5 wk ahead inc case,2022-04-16,ES,quantile,0.01,2038
2022-03-13,forecast,5 wk ahead inc case,2022-04-16,ES,quantile,25,2038
2022-03-13,forecast,5 wk ahead inc case,2022-04-16,ES,quantile,0.05,2038
2022-03-13,forecast,5 wk ahead inc case,2022-04-16,ES,quantile,0.1,2039
2022-03-13,forecast,5 wk ahead inc case,2022-04-16,ES,quantile,0.15,2044
2022-03-13,forecast,5 wk ahead inc case,2022-04-16,ES,quantile,0.2,2048
2022-03-13,forecast,5 wk ahead inc case,2022-04-16,ES,quantile,0.25,2052
2022-03-13,forecast,5 wk ahead inc case,2022-04-16,ES,quantile,0.3,2061
2022-03-13,forecast,5 wk ahead inc case,2022-04-16,ES,quantile,0.35,2069
2022-03-13,forecast,5 wk ahead inc case,2022-04-16,ES,quantile,0.4,2078
2022-03-13,forecast,5 wk ahead inc case,2022-04-16,ES,quantile,0.45,2082
2022-03-13,forecast,5 wk ahead inc case,2022-04-16,ES,quantile,0.5,2084
2022-03-13,forecast,5 wk ahead inc case,2022-04-16,ES,quantile,0.55,2085
2022-03-13,forecast,5 wk ahead inc case,2022-04-16,ES,quantile,0.6,2088
2022-03-13,forecast,5 wk ahead inc case,2022-04-16,ES,quantile,0.65,2095
2022-03-13,forecast,5 wk ahead inc case,2022-04-16,ES,quantile,0.7,2101
2022-03-13,forecast,5 wk ahead inc case,2022-04-16,ES,quantile,0.75,2108
2022-03-13,forecast,5 wk ahead inc case,2022-04-16,ES,quantile,0.8,2110
2022-03-13,forecast,5 wk ahead inc case,2022-04-16,ES,quantile,0.85,2112
2022-03-13,forecast,5 wk ahead inc case,2022-04-16,ES,quantile,0.9,2114
2022-03-13,forecast,5 wk ahead inc case,2022-04-16,ES,quantile,0.95,2115
2022-03-13,forecast,5 wk ahead inc case,2022-04-16,ES,quantile,975,2115
2022-03-13,forecast,5 wk ahead inc case,2022-04-16,ES,quantile,0.99,2115
2022-03-13,forecast,6 wk ahead inc case,2022-04-23,ES,point,NA,961
2022-03-13,forecast,6 wk ahead inc case,2022-04-23,ES,quantile,0.01,924
2022-03-13,forecast,6 wk ahead inc case,2022-04-23,ES,quantile,25,924
2022-03-13,forecast,6 wk ahead inc case,2022-04-23,ES,quantile,0.05,924
2022-03-13,forecast,6 wk ahead inc case,2022-04-23,ES,quantile,0.1,927
2022-03-13,forecast,6 wk ahead inc case,2022-04-23,ES,quantile,0.15,938
2022-03-13,forecast,6 wk ahead inc case,2022-04-23,ES,quantile,0.2,948
2022-03-13,forecast,6 wk ahead inc case,2022-04-23,ES,quantile,0.25,958
2022-03-13,forecast,6 wk ahead inc case,2022-04-23,ES,quantile,0.3,959
2022-03-13,forecast,6 wk ahead inc case,2022-04-23,ES,quantile,0.35,960
2022-03-13,forecast,6 wk ahead inc case,2022-04-23,ES,quantile,0.4,962
2022-03-13,forecast,6 wk ahead inc case,2022-04-23,ES,quantile,0.45,964
2022-03-13,forecast,6 wk ahead inc case,2022-04-23,ES,quantile,0.5,967
2022-03-13,forecast,6 wk ahead inc case,2022-04-23,ES,quantile,0.55,969
2022-03-13,forecast,6 wk ahead inc case,2022-04-23,ES,quantile,0.6,971
2022-03-13,forecast,6 wk ahead inc case,2022-04-23,ES,quantile,0.65,972
2022-03-13,forecast,6 wk ahead inc case,2022-04-23,ES,quantile,0.7,973
2022-03-13,forecast,6 wk ahead inc case,2022-04-23,ES,quantile,0.75,974
2022-03-13,forecast,6 wk ahead inc case,2022-04-23,ES,quantile,0.8,975
2022-03-13,forecast,6 wk ahead inc case,2022-04-23,ES,quantile,0.85,976
2022-03-13,forecast,6 wk ahead inc case,2022-04-23,ES,quantile,0.9,978
2022-03-13,forecast,6 wk ahead inc case,2022-04-23,ES,quantile,0.95,978
2022-03-13,forecast,6 wk ahead inc case,2022-04-23,ES,quantile,975,978
2022-03-13,forecast,6 wk ahead inc case,2022-04-23,ES,quantile,0.99,978
2022-03-13,forecast,7 wk ahead inc case,2022-04-30,ES,point,NA,461
2022-03-13,forecast,7 wk ahead inc case,2022-04-30,ES,quantile,0.01,443
2022-03-13,forecast,7 wk ahead inc case,2022-04-30,ES,quantile,25,443
2022-03-13,forecast,7 wk ahead inc case,2022-04-30,ES,quantile,0.05,443
2022-03-13,forecast,7 wk ahead inc case,2022-04-30,ES,quantile,0.1,444
2022-03-13,forecast,7 wk ahead inc case,2022-04-30,ES,quantile,0.15,447
2022-03-13,forecast,7 wk ahead inc case,2022-04-30,ES,quantile,0.2,451
2022-03-13,forecast,7 wk ahead inc case,2022-04-30,ES,quantile,0.25,454
2022-03-13,forecast,7 wk ahead inc case,2022-04-30,ES,quantile,0.3,456
2022-03-13,forecast,7 wk ahead inc case,2022-04-30,ES,quantile,0.35,457
2022-03-13,forecast,7 wk ahead inc case,2022-04-30,ES,quantile,0.4,459
2022-03-13,forecast,7 wk ahead inc case,2022-04-30,ES,quantile,0.45,459
2022-03-13,forecast,7 wk ahead inc case,2022-04-30,ES,quantile,0.5,460
2022-03-13,forecast,7 wk ahead inc case,2022-04-30,ES,quantile,0.55,460
2022-03-13,forecast,7 wk ahead inc case,2022-04-30,ES,quantile,0.6,461
2022-03-13,forecast,7 wk ahead inc case,2022-04-30,ES,quantile,0.65,462
2022-03-13,forecast,7 wk ahead inc case,2022-04-30,ES,quantile,0.7,464
2022-03-13,forecast,7 wk ahead inc case,2022-04-30,ES,quantile,0.75,466
2022-03-13,forecast,7 wk ahead inc case,2022-04-30,ES,quantile,0.8,471
2022-03-13,forecast,7 wk ahead inc case,2022-04-30,ES,quantile,0.85,477
2022-03-13,forecast,7 wk ahead inc case,2022-04-30,ES,quantile,0.9,482
2022-03-13,forecast,7 wk ahead inc case,2022-04-30,ES,quantile,0.95,484
2022-03-13,forecast,7 wk ahead inc case,2022-04-30,ES,quantile,975,484
2022-03-13,forecast,7 wk ahead inc case,2022-04-30,ES,quantile,0.99,484
2022-03-13,forecast,8 wk ahead inc case,2022-05-07,ES,point,NA,230
2022-03-13,forecast,8 wk ahead inc case,2022-05-07,ES,quantile,0.01,215
2022-03-13,forecast,8 wk ahead inc case,2022-05-07,ES,quantile,25,215
2022-03-13,forecast,8 wk ahead inc case,2022-05-07,ES,quantile,0.05,215
2022-03-13,forecast,8 wk ahead inc case,2022-05-07,ES,quantile,0.1,216
2022-03-13,forecast,8 wk ahead inc case,2022-05-07,ES,quantile,0.15,218
2022-03-13,forecast,8 wk ahead inc case,2022-05-07,ES,quantile,0.2,221
2022-03-13,forecast,8 wk ahead inc case,2022-05-07,ES,quantile,0.25,223
2022-03-13,forecast,8 wk ahead inc case,2022-05-07,ES,quantile,0.3,224
2022-03-13,forecast,8 wk ahead inc case,2022-05-07,ES,quantile,0.35,225
2022-03-13,forecast,8 wk ahead inc case,2022-05-07,ES,quantile,0.4,227
2022-03-13,forecast,8 wk ahead inc case,2022-05-07,ES,quantile,0.45,227
2022-03-13,forecast,8 wk ahead inc case,2022-05-07,ES,quantile,0.5,228
2022-03-13,forecast,8 wk ahead inc case,2022-05-07,ES,quantile,0.55,228
2022-03-13,forecast,8 wk ahead inc case,2022-05-07,ES,quantile,0.6,229
2022-03-13,forecast,8 wk ahead inc case,2022-05-07,ES,quantile,0.65,232
2022-03-13,forecast,8 wk ahead inc case,2022-05-07,ES,quantile,0.7,236
2022-03-13,forecast,8 wk ahead inc case,2022-05-07,ES,quantile,0.75,239
2022-03-13,forecast,8 wk ahead inc case,2022-05-07,ES,quantile,0.8,242
2022-03-13,forecast,8 wk ahead inc case,2022-05-07,ES,quantile,0.85,245
2022-03-13,forecast,8 wk ahead inc case,2022-05-07,ES,quantile,0.9,248
2022-03-13,forecast,8 wk ahead inc case,2022-05-07,ES,quantile,0.95,249
2022-03-13,forecast,8 wk ahead inc case,2022-05-07,ES,quantile,975,249
2022-03-13,forecast,8 wk ahead inc case,2022-05-07,ES,quantile,0.99,249
2022-03-13,forecast,9 wk ahead inc case,2022-05-14,ES,point,NA,124
2022-03-13,forecast,9 wk ahead inc case,2022-05-14,ES,quantile,0.01,112
2022-03-13,forecast,9 wk ahead inc case,2022-05-14,ES,quantile,25,112
2022-03-13,forecast,9 wk ahead inc case,2022-05-14,ES,quantile,0.05,112
2022-03-13,forecast,9 wk ahead inc case,2022-05-14,ES,quantile,0.1,113
2022-03-13,forecast,9 wk ahead inc case,2022-05-14,ES,quantile,0.15,115
2022-03-13,forecast,9 wk ahead inc case,2022-05-14,ES,quantile,0.2,118
2022-03-13,forecast,9 wk ahead inc case,2022-05-14,ES,quantile,0.25,120
2022-03-13,forecast,9 wk ahead inc case,2022-05-14,ES,quantile,0.3,121
2022-03-13,forecast,9 wk ahead inc case,2022-05-14,ES,quantile,0.35,122
2022-03-13,forecast,9 wk ahead inc case,2022-05-14,ES,quantile,0.4,123
2022-03-13,forecast,9 wk ahead inc case,2022-05-14,ES,quantile,0.45,123
2022-03-13,forecast,9 wk ahead inc case,2022-05-14,ES,quantile,0.5,124
2022-03-13,forecast,9 wk ahead inc case,2022-05-14,ES,quantile,0.55,124
2022-03-13,forecast,9 wk ahead inc case,2022-05-14,ES,quantile,0.6,125
2022-03-13,forecast,9 wk ahead inc case,2022-05-14,ES,quantile,0.65,126
2022-03-13,forecast,9 wk ahead inc case,2022-05-14,ES,quantile,0.7,128
2022-03-13,forecast,9 wk ahead inc case,2022-05-14,ES,quantile,0.75,129
2022-03-13,forecast,9 wk ahead inc case,2022-05-14,ES,quantile,0.8,131
2022-03-13,forecast,9 wk ahead inc case,2022-05-14,ES,quantile,0.85,132
2022-03-13,forecast,9 wk ahead inc case,2022-05-14,ES,quantile,0.9,134
2022-03-13,forecast,9 wk ahead inc case,2022-05-14,ES,quantile,0.95,134
2022-03-13,forecast,9 wk ahead inc case,2022-05-14,ES,quantile,975,134
2022-03-13,forecast,9 wk ahead inc case,2022-05-14,ES,quantile,0.99,134
2022-03-13,forecast,10 wk ahead inc case,2022-05-21,ES,point,NA,74
2022-03-13,forecast,10 wk ahead inc case,2022-05-21,ES,quantile,0.01,58
2022-03-13,forecast,10 wk ahead inc case,2022-05-21,ES,quantile,25,58
2022-03-13,forecast,10 wk ahead inc case,2022-05-21,ES,quantile,0.05,58
2022-03-13,forecast,10 wk ahead inc case,2022-05-21,ES,quantile,0.1,60
2022-03-13,forecast,10 wk ahead inc case,2022-05-21,ES,quantile,0.15,64
2022-03-13,forecast,10 wk ahead inc case,2022-05-21,ES,quantile,0.2,69
2022-03-13,forecast,10 wk ahead inc case,2022-05-21,ES,quantile,0.25,73
2022-03-13,forecast,10 wk ahead inc case,2022-05-21,ES,quantile,0.3,73
2022-03-13,forecast,10 wk ahead inc case,2022-05-21,ES,quantile,0.35,74
2022-03-13,forecast,10 wk ahead inc case,2022-05-21,ES,quantile,0.4,74
2022-03-13,forecast,10 wk ahead inc case,2022-05-21,ES,quantile,0.45,74
2022-03-13,forecast,10 wk ahead inc case,2022-05-21,ES,quantile,0.5,75
2022-03-13,forecast,10 wk ahead inc case,2022-05-21,ES,quantile,0.55,75
2022-03-13,forecast,10 wk ahead inc case,2022-05-21,ES,quantile,0.6,76
2022-03-13,forecast,10 wk ahead inc case,2022-05-21,ES,quantile,0.65,77
2022-03-13,forecast,10 wk ahead inc case,2022-05-21,ES,quantile,0.7,79
2022-03-13,forecast,10 wk ahead inc case,2022-05-21,ES,quantile,0.75,80
2022-03-13,forecast,10 wk ahead inc case,2022-05-21,ES,quantile,0.8,80
2022-03-13,forecast,10 wk ahead inc case,2022-05-21,ES,quantile,0.85,81
2022-03-13,forecast,10 wk ahead inc case,2022-05-21,ES,quantile,0.9,81
2022-03-13,forecast,10 wk ahead inc case,2022-05-21,ES,quantile,0.95,81
2022-03-13,forecast,10 wk ahead inc case,2022-05-21,ES,quantile,975,81
2022-03-13,forecast,10 wk ahead inc case,2022-05-21,ES,quantile,0.99,81
2022-03-13,forecast,11 wk ahead inc case,2022-05-28,ES,point,NA,47
2022-03-13,forecast,11 wk ahead inc case,2022-05-28,ES,quantile,0.01,40
2022-03-13,forecast,11 wk ahead inc case,2022-05-28,ES,quantile,25,40
2022-03-13,forecast,11 wk ahead inc case,2022-05-28,ES,quantile,0.05,40
2022-03-13,forecast,11 wk ahead inc case,2022-05-28,ES,quantile,0.1,40
2022-03-13,forecast,11 wk ahead inc case,2022-05-28,ES,quantile,0.15,41
2022-03-13,forecast,11 wk ahead inc case,2022-05-28,ES,quantile,0.2,41
2022-03-13,forecast,11 wk ahead inc case,2022-05-28,ES,quantile,0.25,42
2022-03-13,forecast,11 wk ahead inc case,2022-05-28,ES,quantile,0.3,43
2022-03-13,forecast,11 wk ahead inc case,2022-05-28,ES,quantile,0.35,43
2022-03-13,forecast,11 wk ahead inc case,2022-05-28,ES,quantile,0.4,44
2022-03-13,forecast,11 wk ahead inc case,2022-05-28,ES,quantile,0.45,45
2022-03-13,forecast,11 wk ahead inc case,2022-05-28,ES,quantile,0.5,47
2022-03-13,forecast,11 wk ahead inc case,2022-05-28,ES,quantile,0.55,48
2022-03-13,forecast,11 wk ahead inc case,2022-05-28,ES,quantile,0.6,49
2022-03-13,forecast,11 wk ahead inc case,2022-05-28,ES,quantile,0.65,50
2022-03-13,forecast,11 wk ahead inc case,2022-05-28,ES,quantile,0.7,50
2022-03-13,forecast,11 wk ahead inc case,2022-05-28,ES,quantile,0.75,51
2022-03-13,forecast,11 wk ahead inc case,2022-05-28,ES,quantile,0.8,53
2022-03-13,forecast,11 wk ahead inc case,2022-05-28,ES,quantile,0.85,54
2022-03-13,forecast,11 wk ahead inc case,2022-05-28,ES,quantile,0.9,56
2022-03-13,forecast,11 wk ahead inc case,2022-05-28,ES,quantile,0.95,56
2022-03-13,forecast,11 wk ahead inc case,2022-05-28,ES,quantile,975,56
2022-03-13,forecast,11 wk ahead inc case,2022-05-28,ES,quantile,0.99,56
2022-03-13,forecast,12 wk ahead inc case,2022-06-04,ES,point,NA,34
2022-03-13,forecast,12 wk ahead inc case,2022-06-04,ES,quantile,0.01,28
2022-03-13,forecast,12 wk ahead inc case,2022-06-04,ES,quantile,25,28
2022-03-13,forecast,12 wk ahead inc case,2022-06-04,ES,quantile,0.05,28
2022-03-13,forecast,12 wk ahead inc case,2022-06-04,ES,quantile,0.1,28
2022-03-13,forecast,12 wk ahead inc case,2022-06-04,ES,quantile,0.15,28
2022-03-13,forecast,12 wk ahead inc case,2022-06-04,ES,quantile,0.2,29
2022-03-13,forecast,12 wk ahead inc case,2022-06-04,ES,quantile,0.25,29
2022-03-13,forecast,12 wk ahead inc case,2022-06-04,ES,quantile,0.3,30
2022-03-13,forecast,12 wk ahead inc case,2022-06-04,ES,quantile,0.35,30
2022-03-13,forecast,12 wk ahead inc case,2022-06-04,ES,quantile,0.4,31
2022-03-13,forecast,12 wk ahead inc case,2022-06-04,ES,quantile,0.45,32
2022-03-13,forecast,12 wk ahead inc case,2022-06-04,ES,quantile,0.5,34
2022-03-13,forecast,12 wk ahead inc case,2022-06-04,ES,quantile,0.55,35
2022-03-13,forecast,12 wk ahead inc case,2022-06-04,ES,quantile,0.6,36
2022-03-13,forecast,12 wk ahead inc case,2022-06-04,ES,quantile,0.65,37
2022-03-13,forecast,12 wk ahead inc case,2022-06-04,ES,quantile,0.7,37
2022-03-13,forecast,12 wk ahead inc case,2022-06-04,ES,quantile,0.75,38
2022-03-13,forecast,12 wk ahead inc case,2022-06-04,ES,quantile,0.8,39
2022-03-13,forecast,12 wk ahead inc case,2022-06-04,ES,quantile,0.85,39
2022-03-13,forecast,12 wk ahead inc case,2022-06-04,ES,quantile,0.9,40
2022-03-13,forecast,12 wk ahead inc case,2022-06-04,ES,quantile,0.95,40
2022-03-13,forecast,12 wk ahead inc case,2022-06-04,ES,quantile,975,40
2022-03-13,forecast,12 wk ahead inc case,2022-06-04,ES,quantile,0.99,40
2022-03-13,forecast,13 wk ahead inc case,2022-06-11,ES,point,NA,26
2022-03-13,forecast,13 wk ahead inc case,2022-06-11,ES,quantile,0.01,19
2022-03-13,forecast,13 wk ahead inc case,2022-06-11,ES,quantile,25,19
2022-03-13,forecast,13 wk ahead inc case,2022-06-11,ES,quantile,0.05,19
2022-03-13,forecast,13 wk ahead inc case,2022-06-11,ES,quantile,0.1,19
2022-03-13,forecast,13 wk ahead inc case,2022-06-11,ES,quantile,0.15,20
2022-03-13,forecast,13 wk ahead inc case,2022-06-11,ES,quantile,0.2,20
2022-03-13,forecast,13 wk ahead inc case,2022-06-11,ES,quantile,0.25,21
2022-03-13,forecast,13 wk ahead inc case,2022-06-11,ES,quantile,0.3,22
2022-03-13,forecast,13 wk ahead inc case,2022-06-11,ES,quantile,0.35,23
2022-03-13,forecast,13 wk ahead inc case,2022-06-11,ES,quantile,0.4,25
2022-03-13,forecast,13 wk ahead inc case,2022-06-11,ES,quantile,0.45,25
2022-03-13,forecast,13 wk ahead inc case,2022-06-11,ES,quantile,0.5,26
2022-03-13,forecast,13 wk ahead inc case,2022-06-11,ES,quantile,0.55,27
2022-03-13,forecast,13 wk ahead inc case,2022-06-11,ES,quantile,0.6,27
2022-03-13,forecast,13 wk ahead inc case,2022-06-11,ES,quantile,0.65,28
2022-03-13,forecast,13 wk ahead inc case,2022-06-11,ES,quantile,0.7,29
2022-03-13,forecast,13 wk ahead inc case,2022-06-11,ES,quantile,0.75,30
2022-03-13,forecast,13 wk ahead inc case,2022-06-11,ES,quantile,0.8,31
2022-03-13,forecast,13 wk ahead inc case,2022-06-11,ES,quantile,0.85,31
2022-03-13,forecast,13 wk ahead inc case,2022-06-11,ES,quantile,0.9,32
2022-03-13,forecast,13 wk ahead inc case,2022-06-11,ES,quantile,0.95,32
2022-03-13,forecast,13 wk ahead inc case,2022-06-11,ES,quantile,975,32
2022-03-13,forecast,13 wk ahead inc case,2022-06-11,ES,quantile,0.99,32
2022-03-13,forecast,14 wk ahead inc case,2022-06-18,ES,point,NA,25
2022-03-13,forecast,14 wk ahead inc case,2022-06-18,ES,quantile,0.01,16
2022-03-13,forecast,14 wk ahead inc case,2022-06-18,ES,quantile,25,16
2022-03-13,forecast,14 wk ahead inc case,2022-06-18,ES,quantile,0.05,16
2022-03-13,forecast,14 wk ahead inc case,2022-06-18,ES,quantile,0.1,16
2022-03-13,forecast,14 wk ahead inc case,2022-06-18,ES,quantile,0.15,18
2022-03-13,forecast,14 wk ahead inc case,2022-06-18,ES,quantile,0.2,19
2022-03-13,forecast,14 wk ahead inc case,2022-06-18,ES,quantile,0.25,20
2022-03-13,forecast,14 wk ahead inc case,2022-06-18,ES,quantile,0.3,22
2022-03-13,forecast,14 wk ahead inc case,2022-06-18,ES,quantile,0.35,24
2022-03-13,forecast,14 wk ahead inc case,2022-06-18,ES,quantile,0.4,26
2022-03-13,forecast,14 wk ahead inc case,2022-06-18,ES,quantile,0.45,27
2022-03-13,forecast,14 wk ahead inc case,2022-06-18,ES,quantile,0.5,27
2022-03-13,forecast,14 wk ahead inc case,2022-06-18,ES,quantile,0.55,27
2022-03-13,forecast,14 wk ahead inc case,2022-06-18,ES,quantile,0.6,27
2022-03-13,forecast,14 wk ahead inc case,2022-06-18,ES,quantile,0.65,28
2022-03-13,forecast,14 wk ahead inc case,2022-06-18,ES,quantile,0.7,28
2022-03-13,forecast,14 wk ahead inc case,2022-06-18,ES,quantile,0.75,29
2022-03-13,forecast,14 wk ahead inc case,2022-06-18,ES,quantile,0.8,30
2022-03-13,forecast,14 wk ahead inc case,2022-06-18,ES,quantile,0.85,30
2022-03-13,forecast,14 wk ahead inc case,2022-06-18,ES,quantile,0.9,31
2022-03-13,forecast,14 wk ahead inc case,2022-06-18,ES,quantile,0.95,31
2022-03-13,forecast,14 wk ahead inc case,2022-06-18,ES,quantile,975,31
2022-03-13,forecast,14 wk ahead inc case,2022-06-18,ES,quantile,0.99,31
2022-03-13,forecast,15 wk ahead inc case,2022-06-25,ES,point,NA,26
2022-03-13,forecast,15 wk ahead inc case,2022-06-25,ES,quantile,0.01,13
2022-03-13,forecast,15 wk ahead inc case,2022-06-25,ES,quantile,25,13
2022-03-13,forecast,15 wk ahead inc case,2022-06-25,ES,quantile,0.05,13
2022-03-13,forecast,15 wk ahead inc case,2022-06-25,ES,quantile,0.1,14
2022-03-13,forecast,15 wk ahead inc case,2022-06-25,ES,quantile,0.15,15
2022-03-13,forecast,15 wk ahead inc case,2022-06-25,ES,quantile,0.2,17
2022-03-13,forecast,15 wk ahead inc case,2022-06-25,ES,quantile,0.25,19
2022-03-13,forecast,15 wk ahead inc case,2022-06-25,ES,quantile,0.3,21
2022-03-13,forecast,15 wk ahead inc case,2022-06-25,ES,quantile,0.35,24
2022-03-13,forecast,15 wk ahead inc case,2022-06-25,ES,quantile,0.4,26
2022-03-13,forecast,15 wk ahead inc case,2022-06-25,ES,quantile,0.45,27
2022-03-13,forecast,15 wk ahead inc case,2022-06-25,ES,quantile,0.5,28
2022-03-13,forecast,15 wk ahead inc case,2022-06-25,ES,quantile,0.55,29
2022-03-13,forecast,15 wk ahead inc case,2022-06-25,ES,quantile,0.6,29
2022-03-13,forecast,15 wk ahead inc case,2022-06-25,ES,quantile,0.65,29
2022-03-13,forecast,15 wk ahead inc case,2022-06-25,ES,quantile,0.7,29
2022-03-13,forecast,15 wk ahead inc case,2022-06-25,ES,quantile,0.75,29
2022-03-13,forecast,15 wk ahead inc case,2022-06-25,ES,quantile,0.8,32
2022-03-13,forecast,15 wk ahead inc case,2022-06-25,ES,quantile,0.85,35
2022-03-13,forecast,15 wk ahead inc case,2022-06-25,ES,quantile,0.9,38
2022-03-13,forecast,15 wk ahead inc case,2022-06-25,ES,quantile,0.95,39
2022-03-13,forecast,15 wk ahead inc case,2022-06-25,ES,quantile,975,39
2022-03-13,forecast,15 wk ahead inc case,2022-06-25,ES,quantile,0.99,39
2022-03-13,forecast,16 wk ahead inc case,2022-07-02,ES,point,NA,28
2022-03-13,forecast,16 wk ahead inc case,2022-07-02,ES,quantile,0.01,11
2022-03-13,forecast,16 wk ahead inc case,2022-07-02,ES,quantile,25,11
2022-03-13,forecast,16 wk ahead inc case,2022-07-02,ES,quantile,0.05,11
2022-03-13,forecast,16 wk ahead inc case,2022-07-02,ES,quantile,0.1,12
2022-03-13,forecast,16 wk ahead inc case,2022-07-02,ES,quantile,0.15,15
2022-03-13,forecast,16 wk ahead inc case,2022-07-02,ES,quantile,0.2,17
2022-03-13,forecast,16 wk ahead inc case,2022-07-02,ES,quantile,0.25,20
2022-03-13,forecast,16 wk ahead inc case,2022-07-02,ES,quantile,0.3,22
2022-03-13,forecast,16 wk ahead inc case,2022-07-02,ES,quantile,0.35,25
2022-03-13,forecast,16 wk ahead inc case,2022-07-02,ES,quantile,0.4,27
2022-03-13,forecast,16 wk ahead inc case,2022-07-02,ES,quantile,0.45,28
2022-03-13,forecast,16 wk ahead inc case,2022-07-02,ES,quantile,0.5,29
2022-03-13,forecast,16 wk ahead inc case,2022-07-02,ES,quantile,0.55,30
2022-03-13,forecast,16 wk ahead inc case,2022-07-02,ES,quantile,0.6,30
2022-03-13,forecast,16 wk ahead inc case,2022-07-02,ES,quantile,0.65,31
2022-03-13,forecast,16 wk ahead inc case,2022-07-02,ES,quantile,0.7,32
2022-03-13,forecast,16 wk ahead inc case,2022-07-02,ES,quantile,0.75,33
2022-03-13,forecast,16 wk ahead inc case,2022-07-02,ES,quantile,0.8,36
2022-03-13,forecast,16 wk ahead inc case,2022-07-02,ES,quantile,0.85,39
2022-03-13,forecast,16 wk ahead inc case,2022-07-02,ES,quantile,0.9,42
2022-03-13,forecast,16 wk ahead inc case,2022-07-02,ES,quantile,0.95,43
2022-03-13,forecast,16 wk ahead inc case,2022-07-02,ES,quantile,975,43
2022-03-13,forecast,16 wk ahead inc case,2022-07-02,ES,quantile,0.99,43
2022-03-13,forecast,17 wk ahead inc case,2022-07-09,ES,point,NA,31
2022-03-13,forecast,17 wk ahead inc case,2022-07-09,ES,quantile,0.01,13
2022-03-13,forecast,17 wk ahead inc case,2022-07-09,ES,quantile,25,13
2022-03-13,forecast,17 wk ahead inc case,2022-07-09,ES,quantile,0.05,13
2022-03-13,forecast,17 wk ahead inc case,2022-07-09,ES,quantile,0.1,14
2022-03-13,forecast,17 wk ahead inc case,2022-07-09,ES,quantile,0.15,18
2022-03-13,forecast,17 wk ahead inc case,2022-07-09,ES,quantile,0.2,22
2022-03-13,forecast,17 wk ahead inc case,2022-07-09,ES,quantile,0.25,26
2022-03-13,forecast,17 wk ahead inc case,2022-07-09,ES,quantile,0.3,27
2022-03-13,forecast,17 wk ahead inc case,2022-07-09,ES,quantile,0.35,28
2022-03-13,forecast,17 wk ahead inc case,2022-07-09,ES,quantile,0.4,30
2022-03-13,forecast,17 wk ahead inc case,2022-07-09,ES,quantile,0.45,31
2022-03-13,forecast,17 wk ahead inc case,2022-07-09,ES,quantile,0.5,32
2022-03-13,forecast,17 wk ahead inc case,2022-07-09,ES,quantile,0.55,32
2022-03-13,forecast,17 wk ahead inc case,2022-07-09,ES,quantile,0.6,34
2022-03-13,forecast,17 wk ahead inc case,2022-07-09,ES,quantile,0.65,35
2022-03-13,forecast,17 wk ahead inc case,2022-07-09,ES,quantile,0.7,37
2022-03-13,forecast,17 wk ahead inc case,2022-07-09,ES,quantile,0.75,38
2022-03-13,forecast,17 wk ahead inc case,2022-07-09,ES,quantile,0.8,40
2022-03-13,forecast,17 wk ahead inc case,2022-07-09,ES,quantile,0.85,43
2022-03-13,forecast,17 wk ahead inc case,2022-07-09,ES,quantile,0.9,45
2022-03-13,forecast,17 wk ahead inc case,2022-07-09,ES,quantile,0.95,46
2022-03-13,forecast,17 wk ahead inc case,2022-07-09,ES,quantile,975,46
2022-03-13,forecast,17 wk ahead inc case,2022-07-09,ES,quantile,0.99,46
2022-03-13,forecast,18 wk ahead inc case,2022-07-16,ES,point,NA,35
2022-03-13,forecast,18 wk ahead inc case,2022-07-16,ES,quantile,0.01,15
2022-03-13,forecast,18 wk ahead inc case,2022-07-16,ES,quantile,25,15
2022-03-13,forecast,18 wk ahead inc case,2022-07-16,ES,quantile,0.05,15
2022-03-13,forecast,18 wk ahead inc case,2022-07-16,ES,quantile,0.1,16
2022-03-13,forecast,18 wk ahead inc case,2022-07-16,ES,quantile,0.15,20
2022-03-13,forecast,18 wk ahead inc case,2022-07-16,ES,quantile,0.2,23
2022-03-13,forecast,18 wk ahead inc case,2022-07-16,ES,quantile,0.25,27
2022-03-13,forecast,18 wk ahead inc case,2022-07-16,ES,quantile,0.3,29
2022-03-13,forecast,18 wk ahead inc case,2022-07-16,ES,quantile,0.35,32
2022-03-13,forecast,18 wk ahead inc case,2022-07-16,ES,quantile,0.4,34
2022-03-13,forecast,18 wk ahead inc case,2022-07-16,ES,quantile,0.45,35
2022-03-13,forecast,18 wk ahead inc case,2022-07-16,ES,quantile,0.5,36
2022-03-13,forecast,18 wk ahead inc case,2022-07-16,ES,quantile,0.55,37
2022-03-13,forecast,18 wk ahead inc case,2022-07-16,ES,quantile,0.6,38
2022-03-13,forecast,18 wk ahead inc case,2022-07-16,ES,quantile,0.65,39
2022-03-13,forecast,18 wk ahead inc case,2022-07-16,ES,quantile,0.7,41
2022-03-13,forecast,18 wk ahead inc case,2022-07-16,ES,quantile,0.75,42
2022-03-13,forecast,18 wk ahead inc case,2022-07-16,ES,quantile,0.8,46
2022-03-13,forecast,18 wk ahead inc case,2022-07-16,ES,quantile,0.85,50
2022-03-13,forecast,18 wk ahead inc case,2022-07-16,ES,quantile,0.9,54
2022-03-13,forecast,18 wk ahead inc case,2022-07-16,ES,quantile,0.95,55
2022-03-13,forecast,18 wk ahead inc case,2022-07-16,ES,quantile,975,55
2022-03-13,forecast,18 wk ahead inc case,2022-07-16,ES,quantile,0.99,55
2022-03-13,forecast,19 wk ahead inc case,2022-07-23,ES,point,NA,42
2022-03-13,forecast,19 wk ahead inc case,2022-07-23,ES,quantile,0.01,16
2022-03-13,forecast,19 wk ahead inc case,2022-07-23,ES,quantile,25,16
2022-03-13,forecast,19 wk ahead inc case,2022-07-23,ES,quantile,0.05,16
2022-03-13,forecast,19 wk ahead inc case,2022-07-23,ES,quantile,0.1,18
2022-03-13,forecast,19 wk ahead inc case,2022-07-23,ES,quantile,0.15,22
2022-03-13,forecast,19 wk ahead inc case,2022-07-23,ES,quantile,0.2,27
2022-03-13,forecast,19 wk ahead inc case,2022-07-23,ES,quantile,0.25,31
2022-03-13,forecast,19 wk ahead inc case,2022-07-23,ES,quantile,0.3,35
2022-03-13,forecast,19 wk ahead inc case,2022-07-23,ES,quantile,0.35,38
2022-03-13,forecast,19 wk ahead inc case,2022-07-23,ES,quantile,0.4,42
2022-03-13,forecast,19 wk ahead inc case,2022-07-23,ES,quantile,0.45,43
2022-03-13,forecast,19 wk ahead inc case,2022-07-23,ES,quantile,0.5,44
2022-03-13,forecast,19 wk ahead inc case,2022-07-23,ES,quantile,0.55,45
2022-03-13,forecast,19 wk ahead inc case,2022-07-23,ES,quantile,0.6,45
2022-03-13,forecast,19 wk ahead inc case,2022-07-23,ES,quantile,0.65,47
2022-03-13,forecast,19 wk ahead inc case,2022-07-23,ES,quantile,0.7,48
2022-03-13,forecast,19 wk ahead inc case,2022-07-23,ES,quantile,0.75,49
2022-03-13,forecast,19 wk ahead inc case,2022-07-23,ES,quantile,0.8,55
2022-03-13,forecast,19 wk ahead inc case,2022-07-23,ES,quantile,0.85,61
2022-03-13,forecast,19 wk ahead inc case,2022-07-23,ES,quantile,0.9,67
2022-03-13,forecast,19 wk ahead inc case,2022-07-23,ES,quantile,0.95,69
2022-03-13,forecast,19 wk ahead inc case,2022-07-23,ES,quantile,975,69
2022-03-13,forecast,19 wk ahead inc case,2022-07-23,ES,quantile,0.99,69
2022-03-13,forecast,20 wk ahead inc case,2022-07-30,ES,point,NA,58
2022-03-13,forecast,20 wk ahead inc case,2022-07-30,ES,quantile,0.01,21
2022-03-13,forecast,20 wk ahead inc case,2022-07-30,ES,quantile,25,21
2022-03-13,forecast,20 wk ahead inc case,2022-07-30,ES,quantile,0.05,21
2022-03-13,forecast,20 wk ahead inc case,2022-07-30,ES,quantile,0.1,23
2022-03-13,forecast,20 wk ahead inc case,2022-07-30,ES,quantile,0.15,29
2022-03-13,forecast,20 wk ahead inc case,2022-07-30,ES,quantile,0.2,35
2022-03-13,forecast,20 wk ahead inc case,2022-07-30,ES,quantile,0.25,41
2022-03-13,forecast,20 wk ahead inc case,2022-07-30,ES,quantile,0.3,46
2022-03-13,forecast,20 wk ahead inc case,2022-07-30,ES,quantile,0.35,51
2022-03-13,forecast,20 wk ahead inc case,2022-07-30,ES,quantile,0.4,56
2022-03-13,forecast,20 wk ahead inc case,2022-07-30,ES,quantile,0.45,59
2022-03-13,forecast,20 wk ahead inc case,2022-07-30,ES,quantile,0.5,61
2022-03-13,forecast,20 wk ahead inc case,2022-07-30,ES,quantile,0.55,63
2022-03-13,forecast,20 wk ahead inc case,2022-07-30,ES,quantile,0.6,64
2022-03-13,forecast,20 wk ahead inc case,2022-07-30,ES,quantile,0.65,65
2022-03-13,forecast,20 wk ahead inc case,2022-07-30,ES,quantile,0.7,65
2022-03-13,forecast,20 wk ahead inc case,2022-07-30,ES,quantile,0.75,66
2022-03-13,forecast,20 wk ahead inc case,2022-07-30,ES,quantile,0.8,76
2022-03-13,forecast,20 wk ahead inc case,2022-07-30,ES,quantile,0.85,85
2022-03-13,forecast,20 wk ahead inc case,2022-07-30,ES,quantile,0.9,95
2022-03-13,forecast,20 wk ahead inc case,2022-07-30,ES,quantile,0.95,98
2022-03-13,forecast,20 wk ahead inc case,2022-07-30,ES,quantile,975,98
2022-03-13,forecast,20 wk ahead inc case,2022-07-30,ES,quantile,0.99,98
2022-03-13,forecast,21 wk ahead inc case,2022-08-06,ES,point,NA,78
2022-03-13,forecast,21 wk ahead inc case,2022-08-06,ES,quantile,0.01,31
2022-03-13,forecast,21 wk ahead inc case,2022-08-06,ES,quantile,25,31
2022-03-13,forecast,21 wk ahead inc case,2022-08-06,ES,quantile,0.05,31
2022-03-13,forecast,21 wk ahead inc case,2022-08-06,ES,quantile,0.1,33
2022-03-13,forecast,21 wk ahead inc case,2022-08-06,ES,quantile,0.15,38
2022-03-13,forecast,21 wk ahead inc case,2022-08-06,ES,quantile,0.2,44
2022-03-13,forecast,21 wk ahead inc case,2022-08-06,ES,quantile,0.25,49
2022-03-13,forecast,21 wk ahead inc case,2022-08-06,ES,quantile,0.3,58
2022-03-13,forecast,21 wk ahead inc case,2022-08-06,ES,quantile,0.35,67
2022-03-13,forecast,21 wk ahead inc case,2022-08-06,ES,quantile,0.4,76
2022-03-13,forecast,21 wk ahead inc case,2022-08-06,ES,quantile,0.45,81
2022-03-13,forecast,21 wk ahead inc case,2022-08-06,ES,quantile,0.5,84
2022-03-13,forecast,21 wk ahead inc case,2022-08-06,ES,quantile,0.55,86
2022-03-13,forecast,21 wk ahead inc case,2022-08-06,ES,quantile,0.6,88
2022-03-13,forecast,21 wk ahead inc case,2022-08-06,ES,quantile,0.65,88
2022-03-13,forecast,21 wk ahead inc case,2022-08-06,ES,quantile,0.7,88
2022-03-13,forecast,21 wk ahead inc case,2022-08-06,ES,quantile,0.75,88
2022-03-13,forecast,21 wk ahead inc case,2022-08-06,ES,quantile,0.8,102
2022-03-13,forecast,21 wk ahead inc case,2022-08-06,ES,quantile,0.85,115
2022-03-13,forecast,21 wk ahead inc case,2022-08-06,ES,quantile,0.9,129
2022-03-13,forecast,21 wk ahead inc case,2022-08-06,ES,quantile,0.95,133
2022-03-13,forecast,21 wk ahead inc case,2022-08-06,ES,quantile,975,133
2022-03-13,forecast,21 wk ahead inc case,2022-08-06,ES,quantile,0.99,133
2022-03-13,forecast,22 wk ahead inc case,2022-08-13,ES,point,NA,119
2022-03-13,forecast,22 wk ahead inc case,2022-08-13,ES,quantile,0.01,46
2022-03-13,forecast,22 wk ahead inc case,2022-08-13,ES,quantile,25,46
2022-03-13,forecast,22 wk ahead inc case,2022-08-13,ES,quantile,0.05,46
2022-03-13,forecast,22 wk ahead inc case,2022-08-13,ES,quantile,0.1,49
2022-03-13,forecast,22 wk ahead inc case,2022-08-13,ES,quantile,0.15,56
2022-03-13,forecast,22 wk ahead inc case,2022-08-13,ES,quantile,0.2,64
2022-03-13,forecast,22 wk ahead inc case,2022-08-13,ES,quantile,0.25,71
2022-03-13,forecast,22 wk ahead inc case,2022-08-13,ES,quantile,0.3,87
2022-03-13,forecast,22 wk ahead inc case,2022-08-13,ES,quantile,0.35,104
2022-03-13,forecast,22 wk ahead inc case,2022-08-13,ES,quantile,0.4,121
2022-03-13,forecast,22 wk ahead inc case,2022-08-13,ES,quantile,0.45,127
2022-03-13,forecast,22 wk ahead inc case,2022-08-13,ES,quantile,0.5,129
2022-03-13,forecast,22 wk ahead inc case,2022-08-13,ES,quantile,0.55,130
2022-03-13,forecast,22 wk ahead inc case,2022-08-13,ES,quantile,0.6,131
2022-03-13,forecast,22 wk ahead inc case,2022-08-13,ES,quantile,0.65,132
2022-03-13,forecast,22 wk ahead inc case,2022-08-13,ES,quantile,0.7,133
2022-03-13,forecast,22 wk ahead inc case,2022-08-13,ES,quantile,0.75,134
2022-03-13,forecast,22 wk ahead inc case,2022-08-13,ES,quantile,0.8,155
2022-03-13,forecast,22 wk ahead inc case,2022-08-13,ES,quantile,0.85,176
2022-03-13,forecast,22 wk ahead inc case,2022-08-13,ES,quantile,0.9,197
2022-03-13,forecast,22 wk ahead inc case,2022-08-13,ES,quantile,0.95,204
2022-03-13,forecast,22 wk ahead inc case,2022-08-13,ES,quantile,975,204
2022-03-13,forecast,22 wk ahead inc case,2022-08-13,ES,quantile,0.99,204
2022-03-13,forecast,23 wk ahead inc case,2022-08-20,ES,point,NA,186
2022-03-13,forecast,23 wk ahead inc case,2022-08-20,ES,quantile,0.01,71
2022-03-13,forecast,23 wk ahead inc case,2022-08-20,ES,quantile,25,71
2022-03-13,forecast,23 wk ahead inc case,2022-08-20,ES,quantile,0.05,71
2022-03-13,forecast,23 wk ahead inc case,2022-08-20,ES,quantile,0.1,75
2022-03-13,forecast,23 wk ahead inc case,2022-08-20,ES,quantile,0.15,86
2022-03-13,forecast,23 wk ahead inc case,2022-08-20,ES,quantile,0.2,98
2022-03-13,forecast,23 wk ahead inc case,2022-08-20,ES,quantile,0.25,109
2022-03-13,forecast,23 wk ahead inc case,2022-08-20,ES,quantile,0.3,136
2022-03-13,forecast,23 wk ahead inc case,2022-08-20,ES,quantile,0.35,162
2022-03-13,forecast,23 wk ahead inc case,2022-08-20,ES,quantile,0.4,189
2022-03-13,forecast,23 wk ahead inc case,2022-08-20,ES,quantile,0.45,200
2022-03-13,forecast,23 wk ahead inc case,2022-08-20,ES,quantile,0.5,204
2022-03-13,forecast,23 wk ahead inc case,2022-08-20,ES,quantile,0.55,207
2022-03-13,forecast,23 wk ahead inc case,2022-08-20,ES,quantile,0.6,209
2022-03-13,forecast,23 wk ahead inc case,2022-08-20,ES,quantile,0.65,209
2022-03-13,forecast,23 wk ahead inc case,2022-08-20,ES,quantile,0.7,210
2022-03-13,forecast,23 wk ahead inc case,2022-08-20,ES,quantile,0.75,210
2022-03-13,forecast,23 wk ahead inc case,2022-08-20,ES,quantile,0.8,243
2022-03-13,forecast,23 wk ahead inc case,2022-08-20,ES,quantile,0.85,275
2022-03-13,forecast,23 wk ahead inc case,2022-08-20,ES,quantile,0.9,308
2022-03-13,forecast,23 wk ahead inc case,2022-08-20,ES,quantile,0.95,319
2022-03-13,forecast,23 wk ahead inc case,2022-08-20,ES,quantile,975,319
2022-03-13,forecast,23 wk ahead inc case,2022-08-20,ES,quantile,0.99,319
2022-03-13,forecast,24 wk ahead inc case,2022-08-27,ES,point,NA,293
2022-03-13,forecast,24 wk ahead inc case,2022-08-27,ES,quantile,0.01,113
2022-03-13,forecast,24 wk ahead inc case,2022-08-27,ES,quantile,25,113
2022-03-13,forecast,24 wk ahead inc case,2022-08-27,ES,quantile,0.05,113
2022-03-13,forecast,24 wk ahead inc case,2022-08-27,ES,quantile,0.1,121
2022-03-13,forecast,24 wk ahead inc case,2022-08-27,ES,quantile,0.15,143
2022-03-13,forecast,24 wk ahead inc case,2022-08-27,ES,quantile,0.2,166
2022-03-13,forecast,24 wk ahead inc case,2022-08-27,ES,quantile,0.25,189
2022-03-13,forecast,24 wk ahead inc case,2022-08-27,ES,quantile,0.3,226
2022-03-13,forecast,24 wk ahead inc case,2022-08-27,ES,quantile,0.35,263
2022-03-13,forecast,24 wk ahead inc case,2022-08-27,ES,quantile,0.4,300
2022-03-13,forecast,24 wk ahead inc case,2022-08-27,ES,quantile,0.45,314
2022-03-13,forecast,24 wk ahead inc case,2022-08-27,ES,quantile,0.5,317
2022-03-13,forecast,24 wk ahead inc case,2022-08-27,ES,quantile,0.55,319
2022-03-13,forecast,24 wk ahead inc case,2022-08-27,ES,quantile,0.6,323
2022-03-13,forecast,24 wk ahead inc case,2022-08-27,ES,quantile,0.65,329
2022-03-13,forecast,24 wk ahead inc case,2022-08-27,ES,quantile,0.7,336
2022-03-13,forecast,24 wk ahead inc case,2022-08-27,ES,quantile,0.75,342
2022-03-13,forecast,24 wk ahead inc case,2022-08-27,ES,quantile,0.8,384
2022-03-13,forecast,24 wk ahead inc case,2022-08-27,ES,quantile,0.85,426
2022-03-13,forecast,24 wk ahead inc case,2022-08-27,ES,quantile,0.9,468
2022-03-13,forecast,24 wk ahead inc case,2022-08-27,ES,quantile,0.95,482
2022-03-13,forecast,24 wk ahead inc case,2022-08-27,ES,quantile,975,482
2022-03-13,forecast,24 wk ahead inc case,2022-08-27,ES,quantile,0.99,482
2022-03-13,forecast,25 wk ahead inc case,2022-09-03,ES,point,NA,486
2022-03-13,forecast,25 wk ahead inc case,2022-09-03,ES,quantile,0.01,188
2022-03-13,forecast,25 wk ahead inc case,2022-09-03,ES,quantile,25,188
2022-03-13,forecast,25 wk ahead inc case,2022-09-03,ES,quantile,0.05,188
2022-03-13,forecast,25 wk ahead inc case,2022-09-03,ES,quantile,0.1,199
2022-03-13,forecast,25 wk ahead inc case,2022-09-03,ES,quantile,0.15,232
2022-03-13,forecast,25 wk ahead inc case,2022-09-03,ES,quantile,0.2,266
2022-03-13,forecast,25 wk ahead inc case,2022-09-03,ES,quantile,0.25,299
2022-03-13,forecast,25 wk ahead inc case,2022-09-03,ES,quantile,0.3,370
2022-03-13,forecast,25 wk ahead inc case,2022-09-03,ES,quantile,0.35,441
2022-03-13,forecast,25 wk ahead inc case,2022-09-03,ES,quantile,0.4,511
2022-03-13,forecast,25 wk ahead inc case,2022-09-03,ES,quantile,0.45,535
2022-03-13,forecast,25 wk ahead inc case,2022-09-03,ES,quantile,0.5,536
2022-03-13,forecast,25 wk ahead inc case,2022-09-03,ES,quantile,0.55,536
2022-03-13,forecast,25 wk ahead inc case,2022-09-03,ES,quantile,0.6,540
2022-03-13,forecast,25 wk ahead inc case,2022-09-03,ES,quantile,0.65,552
2022-03-13,forecast,25 wk ahead inc case,2022-09-03,ES,quantile,0.7,564
2022-03-13,forecast,25 wk ahead inc case,2022-09-03,ES,quantile,0.75,576
2022-03-13,forecast,25 wk ahead inc case,2022-09-03,ES,quantile,0.8,637
2022-03-13,forecast,25 wk ahead inc case,2022-09-03,ES,quantile,0.85,698
2022-03-13,forecast,25 wk ahead inc case,2022-09-03,ES,quantile,0.9,759
2022-03-13,forecast,25 wk ahead inc case,2022-09-03,ES,quantile,0.95,779
2022-03-13,forecast,25 wk ahead inc case,2022-09-03,ES,quantile,975,779
2022-03-13,forecast,25 wk ahead inc case,2022-09-03,ES,quantile,0.99,779
2022-03-13,forecast,26 wk ahead inc case,2022-09-10,ES,point,NA,840
2022-03-13,forecast,26 wk ahead inc case,2022-09-10,ES,quantile,0.01,344
2022-03-13,forecast,26 wk ahead inc case,2022-09-10,ES,quantile,25,344
2022-03-13,forecast,26 wk ahead inc case,2022-09-10,ES,quantile,0.05,344
2022-03-13,forecast,26 wk ahead inc case,2022-09-10,ES,quantile,0.1,362
2022-03-13,forecast,26 wk ahead inc case,2022-09-10,ES,quantile,0.15,415
2022-03-13,forecast,26 wk ahead inc case,2022-09-10,ES,quantile,0.2,469
2022-03-13,forecast,26 wk ahead inc case,2022-09-10,ES,quantile,0.25,522
2022-03-13,forecast,26 wk ahead inc case,2022-09-10,ES,quantile,0.3,640
2022-03-13,forecast,26 wk ahead inc case,2022-09-10,ES,quantile,0.35,758
2022-03-13,forecast,26 wk ahead inc case,2022-09-10,ES,quantile,0.4,877
2022-03-13,forecast,26 wk ahead inc case,2022-09-10,ES,quantile,0.45,919
2022-03-13,forecast,26 wk ahead inc case,2022-09-10,ES,quantile,0.5,924
2022-03-13,forecast,26 wk ahead inc case,2022-09-10,ES,quantile,0.55,929
2022-03-13,forecast,26 wk ahead inc case,2022-09-10,ES,quantile,0.6,942
2022-03-13,forecast,26 wk ahead inc case,2022-09-10,ES,quantile,0.65,973
2022-03-13,forecast,26 wk ahead inc case,2022-09-10,ES,quantile,0.7,1003
2022-03-13,forecast,26 wk ahead inc case,2022-09-10,ES,quantile,0.75,1034
2022-03-13,forecast,26 wk ahead inc case,2022-09-10,ES,quantile,0.8,1111
2022-03-13,forecast,26 wk ahead inc case,2022-09-10,ES,quantile,0.85,1188
2022-03-13,forecast,26 wk ahead inc case,2022-09-10,ES,quantile,0.9,1265
2022-03-13,forecast,26 wk ahead inc case,2022-09-10,ES,quantile,0.95,1291
2022-03-13,forecast,26 wk ahead inc case,2022-09-10,ES,quantile,975,1291
2022-03-13,forecast,26 wk ahead inc case,2022-09-10,ES,quantile,0.99,1291
2022-03-13,forecast,27 wk ahead inc case,2022-09-17,ES,point,NA,1486
2022-03-13,forecast,27 wk ahead inc case,2022-09-17,ES,quantile,0.01,648
2022-03-13,forecast,27 wk ahead inc case,2022-09-17,ES,quantile,25,648
2022-03-13,forecast,27 wk ahead inc case,2022-09-17,ES,quantile,0.05,648
2022-03-13,forecast,27 wk ahead inc case,2022-09-17,ES,quantile,0.1,680
2022-03-13,forecast,27 wk ahead inc case,2022-09-17,ES,quantile,0.15,777
2022-03-13,forecast,27 wk ahead inc case,2022-09-17,ES,quantile,0.2,874
2022-03-13,forecast,27 wk ahead inc case,2022-09-17,ES,quantile,0.25,971
2022-03-13,forecast,27 wk ahead inc case,2022-09-17,ES,quantile,0.3,1160
2022-03-13,forecast,27 wk ahead inc case,2022-09-17,ES,quantile,0.35,1350
2022-03-13,forecast,27 wk ahead inc case,2022-09-17,ES,quantile,0.4,1539
2022-03-13,forecast,27 wk ahead inc case,2022-09-17,ES,quantile,0.45,1611
2022-03-13,forecast,27 wk ahead inc case,2022-09-17,ES,quantile,0.5,1625
2022-03-13,forecast,27 wk ahead inc case,2022-09-17,ES,quantile,0.55,1638
2022-03-13,forecast,27 wk ahead inc case,2022-09-17,ES,quantile,0.6,1665
2022-03-13,forecast,27 wk ahead inc case,2022-09-17,ES,quantile,0.65,1718
2022-03-13,forecast,27 wk ahead inc case,2022-09-17,ES,quantile,0.7,1772
2022-03-13,forecast,27 wk ahead inc case,2022-09-17,ES,quantile,0.75,1825
2022-03-13,forecast,27 wk ahead inc case,2022-09-17,ES,quantile,0.8,1944
2022-03-13,forecast,27 wk ahead inc case,2022-09-17,ES,quantile,0.85,2064
2022-03-13,forecast,27 wk ahead inc case,2022-09-17,ES,quantile,0.9,2183
2022-03-13,forecast,27 wk ahead inc case,2022-09-17,ES,quantile,0.95,2223
2022-03-13,forecast,27 wk ahead inc case,2022-09-17,ES,quantile,975,2223
2022-03-13,forecast,27 wk ahead inc case,2022-09-17,ES,quantile,0.99,2223
2022-03-13,forecast,28 wk ahead inc case,2022-09-24,ES,point,NA,2607
2022-03-13,forecast,28 wk ahead inc case,2022-09-24,ES,quantile,0.01,1252
2022-03-13,forecast,28 wk ahead inc case,2022-09-24,ES,quantile,25,1252
2022-03-13,forecast,28 wk ahead inc case,2022-09-24,ES,quantile,0.05,1252
2022-03-13,forecast,28 wk ahead inc case,2022-09-24,ES,quantile,0.1,1307
2022-03-13,forecast,28 wk ahead inc case,2022-09-24,ES,quantile,0.15,1471
2022-03-13,forecast,28 wk ahead inc case,2022-09-24,ES,quantile,0.2,1635
2022-03-13,forecast,28 wk ahead inc case,2022-09-24,ES,quantile,0.25,1799
2022-03-13,forecast,28 wk ahead inc case,2022-09-24,ES,quantile,0.3,2122
2022-03-13,forecast,28 wk ahead inc case,2022-09-24,ES,quantile,0.35,2444
2022-03-13,forecast,28 wk ahead inc case,2022-09-24,ES,quantile,0.4,2767
2022-03-13,forecast,28 wk ahead inc case,2022-09-24,ES,quantile,0.45,2878
2022-03-13,forecast,28 wk ahead inc case,2022-09-24,ES,quantile,0.5,2884
2022-03-13,forecast,28 wk ahead inc case,2022-09-24,ES,quantile,0.55,2890
2022-03-13,forecast,28 wk ahead inc case,2022-09-24,ES,quantile,0.6,2919
2022-03-13,forecast,28 wk ahead inc case,2022-09-24,ES,quantile,0.65,2992
2022-03-13,forecast,28 wk ahead inc case,2022-09-24,ES,quantile,0.7,3066
2022-03-13,forecast,28 wk ahead inc case,2022-09-24,ES,quantile,0.75,3140
2022-03-13,forecast,28 wk ahead inc case,2022-09-24,ES,quantile,0.8,3303
2022-03-13,forecast,28 wk ahead inc case,2022-09-24,ES,quantile,0.85,3465
2022-03-13,forecast,28 wk ahead inc case,2022-09-24,ES,quantile,0.9,3628
2022-03-13,forecast,28 wk ahead inc case,2022-09-24,ES,quantile,0.95,3682
2022-03-13,forecast,28 wk ahead inc case,2022-09-24,ES,quantile,975,3682
2022-03-13,forecast,28 wk ahead inc case,2022-09-24,ES,quantile,0.99,3682
2022-03-13,forecast,29 wk ahead inc case,2022-10-01,ES,point,NA,4357
2022-03-13,forecast,29 wk ahead inc case,2022-10-01,ES,quantile,0.01,2419
2022-03-13,forecast,29 wk ahead inc case,2022-10-01,ES,quantile,25,2419
2022-03-13,forecast,29 wk ahead inc case,2022-10-01,ES,quantile,0.05,2419
2022-03-13,forecast,29 wk ahead inc case,2022-10-01,ES,quantile,0.1,2507
2022-03-13,forecast,29 wk ahead inc case,2022-10-01,ES,quantile,0.15,2769
2022-03-13,forecast,29 wk ahead inc case,2022-10-01,ES,quantile,0.2,3032
2022-03-13,forecast,29 wk ahead inc case,2022-10-01,ES,quantile,0.25,3294
2022-03-13,forecast,29 wk ahead inc case,2022-10-01,ES,quantile,0.3,3747
2022-03-13,forecast,29 wk ahead inc case,2022-10-01,ES,quantile,0.35,4200
2022-03-13,forecast,29 wk ahead inc case,2022-10-01,ES,quantile,0.4,4653
2022-03-13,forecast,29 wk ahead inc case,2022-10-01,ES,quantile,0.45,4832
2022-03-13,forecast,29 wk ahead inc case,2022-10-01,ES,quantile,0.5,4873
2022-03-13,forecast,29 wk ahead inc case,2022-10-01,ES,quantile,0.55,4914
2022-03-13,forecast,29 wk ahead inc case,2022-10-01,ES,quantile,0.6,4947
2022-03-13,forecast,29 wk ahead inc case,2022-10-01,ES,quantile,0.65,4962
2022-03-13,forecast,29 wk ahead inc case,2022-10-01,ES,quantile,0.7,4977
2022-03-13,forecast,29 wk ahead inc case,2022-10-01,ES,quantile,0.75,4992
2022-03-13,forecast,29 wk ahead inc case,2022-10-01,ES,quantile,0.8,5201
2022-03-13,forecast,29 wk ahead inc case,2022-10-01,ES,quantile,0.85,5410
2022-03-13,forecast,29 wk ahead inc case,2022-10-01,ES,quantile,0.9,5618
2022-03-13,forecast,29 wk ahead inc case,2022-10-01,ES,quantile,0.95,5688
2022-03-13,forecast,29 wk ahead inc case,2022-10-01,ES,quantile,975,5688
2022-03-13,forecast,29 wk ahead inc case,2022-10-01,ES,quantile,0.99,5688
2022-03-13,forecast,30 wk ahead inc case,2022-10-08,ES,point,NA,6680
2022-03-13,forecast,30 wk ahead inc case,2022-10-08,ES,quantile,0.01,4470
2022-03-13,forecast,30 wk ahead inc case,2022-10-08,ES,quantile,25,4470
2022-03-13,forecast,30 wk ahead inc case,2022-10-08,ES,quantile,0.05,4470
2022-03-13,forecast,30 wk ahead inc case,2022-10-08,ES,quantile,0.1,4590
2022-03-13,forecast,30 wk ahead inc case,2022-10-08,ES,quantile,0.15,4948
2022-03-13,forecast,30 wk ahead inc case,2022-10-08,ES,quantile,0.2,5307
2022-03-13,forecast,30 wk ahead inc case,2022-10-08,ES,quantile,0.25,5666
2022-03-13,forecast,30 wk ahead inc case,2022-10-08,ES,quantile,0.3,6161
2022-03-13,forecast,30 wk ahead inc case,2022-10-08,ES,quantile,0.35,6657
2022-03-13,forecast,30 wk ahead inc case,2022-10-08,ES,quantile,0.4,7152
2022-03-13,forecast,30 wk ahead inc case,2022-10-08,ES,quantile,0.45,7329
2022-03-13,forecast,30 wk ahead inc case,2022-10-08,ES,quantile,0.5,7348
2022-03-13,forecast,30 wk ahead inc case,2022-10-08,ES,quantile,0.55,7367
2022-03-13,forecast,30 wk ahead inc case,2022-10-08,ES,quantile,0.6,7390
2022-03-13,forecast,30 wk ahead inc case,2022-10-08,ES,quantile,0.65,7423
2022-03-13,forecast,30 wk ahead inc case,2022-10-08,ES,quantile,0.7,7456
2022-03-13,forecast,30 wk ahead inc case,2022-10-08,ES,quantile,0.75,7489
2022-03-13,forecast,30 wk ahead inc case,2022-10-08,ES,quantile,0.8,7570
2022-03-13,forecast,30 wk ahead inc case,2022-10-08,ES,quantile,0.85,7650
2022-03-13,forecast,30 wk ahead inc case,2022-10-08,ES,quantile,0.9,7731
2022-03-13,forecast,30 wk ahead inc case,2022-10-08,ES,quantile,0.95,7758
2022-03-13,forecast,30 wk ahead inc case,2022-10-08,ES,quantile,975,7758
2022-03-13,forecast,30 wk ahead inc case,2022-10-08,ES,quantile,0.99,7758
2022-03-13,forecast,31 wk ahead inc case,2022-10-15,ES,point,NA,9042
2022-03-13,forecast,31 wk ahead inc case,2022-10-15,ES,quantile,0.01,7490
2022-03-13,forecast,31 wk ahead inc case,2022-10-15,ES,quantile,25,7490
2022-03-13,forecast,31 wk ahead inc case,2022-10-15,ES,quantile,0.05,7490
2022-03-13,forecast,31 wk ahead inc case,2022-10-15,ES,quantile,0.1,7612
2022-03-13,forecast,31 wk ahead inc case,2022-10-15,ES,quantile,0.15,7977
2022-03-13,forecast,31 wk ahead inc case,2022-10-15,ES,quantile,0.2,8343
2022-03-13,forecast,31 wk ahead inc case,2022-10-15,ES,quantile,0.25,8708
2022-03-13,forecast,31 wk ahead inc case,2022-10-15,ES,quantile,0.3,8847
2022-03-13,forecast,31 wk ahead inc case,2022-10-15,ES,quantile,0.35,8985
2022-03-13,forecast,31 wk ahead inc case,2022-10-15,ES,quantile,0.4,9124
2022-03-13,forecast,31 wk ahead inc case,2022-10-15,ES,quantile,0.45,9249
2022-03-13,forecast,31 wk ahead inc case,2022-10-15,ES,quantile,0.5,9368
2022-03-13,forecast,31 wk ahead inc case,2022-10-15,ES,quantile,0.55,9487
2022-03-13,forecast,31 wk ahead inc case,2022-10-15,ES,quantile,0.6,9574
2022-03-13,forecast,31 wk ahead inc case,2022-10-15,ES,quantile,0.65,9598
2022-03-13,forecast,31 wk ahead inc case,2022-10-15,ES,quantile,0.7,9622
2022-03-13,forecast,31 wk ahead inc case,2022-10-15,ES,quantile,0.75,9646
2022-03-13,forecast,31 wk ahead inc case,2022-10-15,ES,quantile,0.8,9654
2022-03-13,forecast,31 wk ahead inc case,2022-10-15,ES,quantile,0.85,9662
2022-03-13,forecast,31 wk ahead inc case,2022-10-15,ES,quantile,0.9,9669
2022-03-13,forecast,31 wk ahead inc case,2022-10-15,ES,quantile,0.95,9672
2022-03-13,forecast,31 wk ahead inc case,2022-10-15,ES,quantile,975,9672
2022-03-13,forecast,31 wk ahead inc case,2022-10-15,ES,quantile,0.99,9672
2022-03-13,forecast,32 wk ahead inc case,2022-10-22,ES,point,NA,10341
2022-03-13,forecast,32 wk ahead inc case,2022-10-22,ES,quantile,0.01,9139
2022-03-13,forecast,32 wk ahead inc case,2022-10-22,ES,quantile,25,9139
2022-03-13,forecast,32 wk ahead inc case,2022-10-22,ES,quantile,0.05,9139
2022-03-13,forecast,32 wk ahead inc case,2022-10-22,ES,quantile,0.1,9241
2022-03-13,forecast,32 wk ahead inc case,2022-10-22,ES,quantile,0.15,9548
2022-03-13,forecast,32 wk ahead inc case,2022-10-22,ES,quantile,0.2,9854
2022-03-13,forecast,32 wk ahead inc case,2022-10-22,ES,quantile,0.25,10161
2022-03-13,forecast,32 wk ahead inc case,2022-10-22,ES,quantile,0.3,10239
2022-03-13,forecast,32 wk ahead inc case,2022-10-22,ES,quantile,0.35,10318
2022-03-13,forecast,32 wk ahead inc case,2022-10-22,ES,quantile,0.4,10396
2022-03-13,forecast,32 wk ahead inc case,2022-10-22,ES,quantile,0.45,10426
2022-03-13,forecast,32 wk ahead inc case,2022-10-22,ES,quantile,0.5,10432
2022-03-13,forecast,32 wk ahead inc case,2022-10-22,ES,quantile,0.55,10438
2022-03-13,forecast,32 wk ahead inc case,2022-10-22,ES,quantile,0.6,10476
2022-03-13,forecast,32 wk ahead inc case,2022-10-22,ES,quantile,0.65,10578
2022-03-13,forecast,32 wk ahead inc case,2022-10-22,ES,quantile,0.7,10680
2022-03-13,forecast,32 wk ahead inc case,2022-10-22,ES,quantile,0.75,10782
2022-03-13,forecast,32 wk ahead inc case,2022-10-22,ES,quantile,0.8,10877
2022-03-13,forecast,32 wk ahead inc case,2022-10-22,ES,quantile,0.85,10972
2022-03-13,forecast,32 wk ahead inc case,2022-10-22,ES,quantile,0.9,11067
2022-03-13,forecast,32 wk ahead inc case,2022-10-22,ES,quantile,0.95,11099
2022-03-13,forecast,32 wk ahead inc case,2022-10-22,ES,quantile,975,11099
2022-03-13,forecast,32 wk ahead inc case,2022-10-22,ES,quantile,0.99,11099
2022-03-13,forecast,33 wk ahead inc case,2022-10-29,ES,point,NA,9871
2022-03-13,forecast,33 wk ahead inc case,2022-10-29,ES,quantile,0.01,7727
2022-03-13,forecast,33 wk ahead inc case,2022-10-29,ES,quantile,25,7727
2022-03-13,forecast,33 wk ahead inc case,2022-10-29,ES,quantile,0.05,7727
2022-03-13,forecast,33 wk ahead inc case,2022-10-29,ES,quantile,0.1,7832
2022-03-13,forecast,33 wk ahead inc case,2022-10-29,ES,quantile,0.15,8146
2022-03-13,forecast,33 wk ahead inc case,2022-10-29,ES,quantile,0.2,8461
2022-03-13,forecast,33 wk ahead inc case,2022-10-29,ES,quantile,0.25,8775
2022-03-13,forecast,33 wk ahead inc case,2022-10-29,ES,quantile,0.3,8918
2022-03-13,forecast,33 wk ahead inc case,2022-10-29,ES,quantile,0.35,9061
2022-03-13,forecast,33 wk ahead inc case,2022-10-29,ES,quantile,0.4,9204
2022-03-13,forecast,33 wk ahead inc case,2022-10-29,ES,quantile,0.45,9265
2022-03-13,forecast,33 wk ahead inc case,2022-10-29,ES,quantile,0.5,9284
2022-03-13,forecast,33 wk ahead inc case,2022-10-29,ES,quantile,0.55,9302
2022-03-13,forecast,33 wk ahead inc case,2022-10-29,ES,quantile,0.6,9536
2022-03-13,forecast,33 wk ahead inc case,2022-10-29,ES,quantile,0.65,10200
2022-03-13,forecast,33 wk ahead inc case,2022-10-29,ES,quantile,0.7,10863
2022-03-13,forecast,33 wk ahead inc case,2022-10-29,ES,quantile,0.75,11527
2022-03-13,forecast,33 wk ahead inc case,2022-10-29,ES,quantile,0.8,11859
2022-03-13,forecast,33 wk ahead inc case,2022-10-29,ES,quantile,0.85,12190
2022-03-13,forecast,33 wk ahead inc case,2022-10-29,ES,quantile,0.9,12522
2022-03-13,forecast,33 wk ahead inc case,2022-10-29,ES,quantile,0.95,12632
2022-03-13,forecast,33 wk ahead inc case,2022-10-29,ES,quantile,975,12632
2022-03-13,forecast,33 wk ahead inc case,2022-10-29,ES,quantile,0.99,12632
2022-03-13,forecast,34 wk ahead inc case,2022-11-05,ES,point,NA,7808
2022-03-13,forecast,34 wk ahead inc case,2022-11-05,ES,quantile,0.01,5603
2022-03-13,forecast,34 wk ahead inc case,2022-11-05,ES,quantile,25,5603
2022-03-13,forecast,34 wk ahead inc case,2022-11-05,ES,quantile,0.05,5603
2022-03-13,forecast,34 wk ahead inc case,2022-11-05,ES,quantile,0.1,5690
2022-03-13,forecast,34 wk ahead inc case,2022-11-05,ES,quantile,0.15,5950
2022-03-13,forecast,34 wk ahead inc case,2022-11-05,ES,quantile,0.2,6210
2022-03-13,forecast,34 wk ahead inc case,2022-11-05,ES,quantile,0.25,6470
2022-03-13,forecast,34 wk ahead inc case,2022-11-05,ES,quantile,0.3,6572
2022-03-13,forecast,34 wk ahead inc case,2022-11-05,ES,quantile,0.35,6674
2022-03-13,forecast,34 wk ahead inc case,2022-11-05,ES,quantile,0.4,6776
2022-03-13,forecast,34 wk ahead inc case,2022-11-05,ES,quantile,0.45,6825
2022-03-13,forecast,34 wk ahead inc case,2022-11-05,ES,quantile,0.5,6848
2022-03-13,forecast,34 wk ahead inc case,2022-11-05,ES,quantile,0.55,6871
2022-03-13,forecast,34 wk ahead inc case,2022-11-05,ES,quantile,0.6,7154
2022-03-13,forecast,34 wk ahead inc case,2022-11-05,ES,quantile,0.65,7957
2022-03-13,forecast,34 wk ahead inc case,2022-11-05,ES,quantile,0.7,8760
2022-03-13,forecast,34 wk ahead inc case,2022-11-05,ES,quantile,0.75,9563
2022-03-13,forecast,34 wk ahead inc case,2022-11-05,ES,quantile,0.8,10148
2022-03-13,forecast,34 wk ahead inc case,2022-11-05,ES,quantile,0.85,10733
2022-03-13,forecast,34 wk ahead inc case,2022-11-05,ES,quantile,0.9,11318
2022-03-13,forecast,34 wk ahead inc case,2022-11-05,ES,quantile,0.95,11513
2022-03-13,forecast,34 wk ahead inc case,2022-11-05,ES,quantile,975,11513
2022-03-13,forecast,34 wk ahead inc case,2022-11-05,ES,quantile,0.99,11513
2022-03-13,forecast,35 wk ahead inc case,2022-11-12,ES,point,NA,5259
2022-03-13,forecast,35 wk ahead inc case,2022-11-12,ES,quantile,0.01,3620
2022-03-13,forecast,35 wk ahead inc case,2022-11-12,ES,quantile,25,3620
2022-03-13,forecast,35 wk ahead inc case,2022-11-12,ES,quantile,0.05,3620
2022-03-13,forecast,35 wk ahead inc case,2022-11-12,ES,quantile,0.1,3673
2022-03-13,forecast,35 wk ahead inc case,2022-11-12,ES,quantile,0.15,3830
2022-03-13,forecast,35 wk ahead inc case,2022-11-12,ES,quantile,0.2,3988
2022-03-13,forecast,35 wk ahead inc case,2022-11-12,ES,quantile,0.25,4146
2022-03-13,forecast,35 wk ahead inc case,2022-11-12,ES,quantile,0.3,4218
2022-03-13,forecast,35 wk ahead inc case,2022-11-12,ES,quantile,0.35,4291
2022-03-13,forecast,35 wk ahead inc case,2022-11-12,ES,quantile,0.4,4363
2022-03-13,forecast,35 wk ahead inc case,2022-11-12,ES,quantile,0.45,4397
2022-03-13,forecast,35 wk ahead inc case,2022-11-12,ES,quantile,0.5,4413
2022-03-13,forecast,35 wk ahead inc case,2022-11-12,ES,quantile,0.55,4428
2022-03-13,forecast,35 wk ahead inc case,2022-11-12,ES,quantile,0.6,4652
2022-03-13,forecast,35 wk ahead inc case,2022-11-12,ES,quantile,0.65,5295
2022-03-13,forecast,35 wk ahead inc case,2022-11-12,ES,quantile,0.7,5937
2022-03-13,forecast,35 wk ahead inc case,2022-11-12,ES,quantile,0.75,6580
2022-03-13,forecast,35 wk ahead inc case,2022-11-12,ES,quantile,0.8,7120
2022-03-13,forecast,35 wk ahead inc case,2022-11-12,ES,quantile,0.85,7661
2022-03-13,forecast,35 wk ahead inc case,2022-11-12,ES,quantile,0.9,8201
2022-03-13,forecast,35 wk ahead inc case,2022-11-12,ES,quantile,0.95,8381
2022-03-13,forecast,35 wk ahead inc case,2022-11-12,ES,quantile,975,8381
2022-03-13,forecast,35 wk ahead inc case,2022-11-12,ES,quantile,0.99,8381
2022-03-13,forecast,36 wk ahead inc case,2022-11-19,ES,point,NA,3183
2022-03-13,forecast,36 wk ahead inc case,2022-11-19,ES,quantile,0.01,2273
2022-03-13,forecast,36 wk ahead inc case,2022-11-19,ES,quantile,25,2273
2022-03-13,forecast,36 wk ahead inc case,2022-11-19,ES,quantile,0.05,2273
2022-03-13,forecast,36 wk ahead inc case,2022-11-19,ES,quantile,0.1,2296
2022-03-13,forecast,36 wk ahead inc case,2022-11-19,ES,quantile,0.15,2363
2022-03-13,forecast,36 wk ahead inc case,2022-11-19,ES,quantile,0.2,2431
2022-03-13,forecast,36 wk ahead inc case,2022-11-19,ES,quantile,0.25,2499
2022-03-13,forecast,36 wk ahead inc case,2022-11-19,ES,quantile,0.3,2531
2022-03-13,forecast,36 wk ahead inc case,2022-11-19,ES,quantile,0.35,2562
2022-03-13,forecast,36 wk ahead inc case,2022-11-19,ES,quantile,0.4,2594
2022-03-13,forecast,36 wk ahead inc case,2022-11-19,ES,quantile,0.45,2617
2022-03-13,forecast,36 wk ahead inc case,2022-11-19,ES,quantile,0.5,2637
2022-03-13,forecast,36 wk ahead inc case,2022-11-19,ES,quantile,0.55,2657
2022-03-13,forecast,36 wk ahead inc case,2022-11-19,ES,quantile,0.6,2798
2022-03-13,forecast,36 wk ahead inc case,2022-11-19,ES,quantile,0.65,3183
2022-03-13,forecast,36 wk ahead inc case,2022-11-19,ES,quantile,0.7,3568
2022-03-13,forecast,36 wk ahead inc case,2022-11-19,ES,quantile,0.75,3953
2022-03-13,forecast,36 wk ahead inc case,2022-11-19,ES,quantile,0.8,4297
2022-03-13,forecast,36 wk ahead inc case,2022-11-19,ES,quantile,0.85,4640
2022-03-13,forecast,36 wk ahead inc case,2022-11-19,ES,quantile,0.9,4984
2022-03-13,forecast,36 wk ahead inc case,2022-11-19,ES,quantile,0.95,5098
2022-03-13,forecast,36 wk ahead inc case,2022-11-19,ES,quantile,975,5098
2022-03-13,forecast,36 wk ahead inc case,2022-11-19,ES,quantile,0.99,5098
2022-03-13,forecast,37 wk ahead inc case,2022-11-26,ES,point,NA,1860
2022-03-13,forecast,37 wk ahead inc case,2022-11-26,ES,quantile,0.01,1418
2022-03-13,forecast,37 wk ahead inc case,2022-11-26,ES,quantile,25,1418
2022-03-13,forecast,37 wk ahead inc case,2022-11-26,ES,quantile,0.05,1418
2022-03-13,forecast,37 wk ahead inc case,2022-11-26,ES,quantile,0.1,1426
2022-03-13,forecast,37 wk ahead inc case,2022-11-26,ES,quantile,0.15,1450
2022-03-13,forecast,37 wk ahead inc case,2022-11-26,ES,quantile,0.2,1473
2022-03-13,forecast,37 wk ahead inc case,2022-11-26,ES,quantile,0.25,1497
2022-03-13,forecast,37 wk ahead inc case,2022-11-26,ES,quantile,0.3,1505
2022-03-13,forecast,37 wk ahead inc case,2022-11-26,ES,quantile,0.35,1514
2022-03-13,forecast,37 wk ahead inc case,2022-11-26,ES,quantile,0.4,1522
2022-03-13,forecast,37 wk ahead inc case,2022-11-26,ES,quantile,0.45,1540
2022-03-13,forecast,37 wk ahead inc case,2022-11-26,ES,quantile,0.5,1562
2022-03-13,forecast,37 wk ahead inc case,2022-11-26,ES,quantile,0.55,1584
2022-03-13,forecast,37 wk ahead inc case,2022-11-26,ES,quantile,0.6,1665
2022-03-13,forecast,37 wk ahead inc case,2022-11-26,ES,quantile,0.65,1865
2022-03-13,forecast,37 wk ahead inc case,2022-11-26,ES,quantile,0.7,2064
2022-03-13,forecast,37 wk ahead inc case,2022-11-26,ES,quantile,0.75,2264
2022-03-13,forecast,37 wk ahead inc case,2022-11-26,ES,quantile,0.8,2442
2022-03-13,forecast,37 wk ahead inc case,2022-11-26,ES,quantile,0.85,2620
2022-03-13,forecast,37 wk ahead inc case,2022-11-26,ES,quantile,0.9,2799
2022-03-13,forecast,37 wk ahead inc case,2022-11-26,ES,quantile,0.95,2858
2022-03-13,forecast,37 wk ahead inc case,2022-11-26,ES,quantile,975,2858
2022-03-13,forecast,37 wk ahead inc case,2022-11-26,ES,quantile,0.99,2858
2022-03-13,forecast,38 wk ahead inc case,2022-12-03,ES,point,NA,1084
2022-03-13,forecast,38 wk ahead inc case,2022-12-03,ES,quantile,0.01,881
2022-03-13,forecast,38 wk ahead inc case,2022-12-03,ES,quantile,25,881
2022-03-13,forecast,38 wk ahead inc case,2022-12-03,ES,quantile,0.05,881
2022-03-13,forecast,38 wk ahead inc case,2022-12-03,ES,quantile,0.1,884
2022-03-13,forecast,38 wk ahead inc case,2022-12-03,ES,quantile,0.15,893
2022-03-13,forecast,38 wk ahead inc case,2022-12-03,ES,quantile,0.2,903
2022-03-13,forecast,38 wk ahead inc case,2022-12-03,ES,quantile,0.25,912
2022-03-13,forecast,38 wk ahead inc case,2022-12-03,ES,quantile,0.3,915
2022-03-13,forecast,38 wk ahead inc case,2022-12-03,ES,quantile,0.35,918
2022-03-13,forecast,38 wk ahead inc case,2022-12-03,ES,quantile,0.4,921
2022-03-13,forecast,38 wk ahead inc case,2022-12-03,ES,quantile,0.45,928
2022-03-13,forecast,38 wk ahead inc case,2022-12-03,ES,quantile,0.5,938
2022-03-13,forecast,38 wk ahead inc case,2022-12-03,ES,quantile,0.55,948
2022-03-13,forecast,38 wk ahead inc case,2022-12-03,ES,quantile,0.6,985
2022-03-13,forecast,38 wk ahead inc case,2022-12-03,ES,quantile,0.65,1079
2022-03-13,forecast,38 wk ahead inc case,2022-12-03,ES,quantile,0.7,1172
2022-03-13,forecast,38 wk ahead inc case,2022-12-03,ES,quantile,0.75,1266
2022-03-13,forecast,38 wk ahead inc case,2022-12-03,ES,quantile,0.8,1357
2022-03-13,forecast,38 wk ahead inc case,2022-12-03,ES,quantile,0.85,1448
2022-03-13,forecast,38 wk ahead inc case,2022-12-03,ES,quantile,0.9,1540
2022-03-13,forecast,38 wk ahead inc case,2022-12-03,ES,quantile,0.95,1570
2022-03-13,forecast,38 wk ahead inc case,2022-12-03,ES,quantile,975,1570
2022-03-13,forecast,38 wk ahead inc case,2022-12-03,ES,quantile,0.99,1570
2022-03-13,forecast,39 wk ahead inc case,2022-12-10,ES,point,NA,651
2022-03-13,forecast,39 wk ahead inc case,2022-12-10,ES,quantile,0.01,555
2022-03-13,forecast,39 wk ahead inc case,2022-12-10,ES,quantile,25,555
2022-03-13,forecast,39 wk ahead inc case,2022-12-10,ES,quantile,0.05,555
2022-03-13,forecast,39 wk ahead inc case,2022-12-10,ES,quantile,0.1,558
2022-03-13,forecast,39 wk ahead inc case,2022-12-10,ES,quantile,0.15,568
2022-03-13,forecast,39 wk ahead inc case,2022-12-10,ES,quantile,0.2,577
2022-03-13,forecast,39 wk ahead inc case,2022-12-10,ES,quantile,0.25,587
2022-03-13,forecast,39 wk ahead inc case,2022-12-10,ES,quantile,0.3,591
2022-03-13,forecast,39 wk ahead inc case,2022-12-10,ES,quantile,0.35,595
2022-03-13,forecast,39 wk ahead inc case,2022-12-10,ES,quantile,0.4,600
2022-03-13,forecast,39 wk ahead inc case,2022-12-10,ES,quantile,0.45,602
2022-03-13,forecast,39 wk ahead inc case,2022-12-10,ES,quantile,0.5,603
2022-03-13,forecast,39 wk ahead inc case,2022-12-10,ES,quantile,0.55,603
2022-03-13,forecast,39 wk ahead inc case,2022-12-10,ES,quantile,0.6,614
2022-03-13,forecast,39 wk ahead inc case,2022-12-10,ES,quantile,0.65,644
2022-03-13,forecast,39 wk ahead inc case,2022-12-10,ES,quantile,0.7,675
2022-03-13,forecast,39 wk ahead inc case,2022-12-10,ES,quantile,0.75,705
2022-03-13,forecast,39 wk ahead inc case,2022-12-10,ES,quantile,0.8,749
2022-03-13,forecast,39 wk ahead inc case,2022-12-10,ES,quantile,0.85,794
2022-03-13,forecast,39 wk ahead inc case,2022-12-10,ES,quantile,0.9,838
2022-03-13,forecast,39 wk ahead inc case,2022-12-10,ES,quantile,0.95,853
2022-03-13,forecast,39 wk ahead inc case,2022-12-10,ES,quantile,975,853
2022-03-13,forecast,39 wk ahead inc case,2022-12-10,ES,quantile,0.99,853
2022-03-13,forecast,40 wk ahead inc case,2022-12-17,ES,point,NA,419
2022-03-13,forecast,40 wk ahead inc case,2022-12-17,ES,quantile,0.01,388
2022-03-13,forecast,40 wk ahead inc case,2022-12-17,ES,quantile,25,388
2022-03-13,forecast,40 wk ahead inc case,2022-12-17,ES,quantile,0.05,388
2022-03-13,forecast,40 wk ahead inc case,2022-12-17,ES,quantile,0.1,390
2022-03-13,forecast,40 wk ahead inc case,2022-12-17,ES,quantile,0.15,396
2022-03-13,forecast,40 wk ahead inc case,2022-12-17,ES,quantile,0.2,401
2022-03-13,forecast,40 wk ahead inc case,2022-12-17,ES,quantile,0.25,407
2022-03-13,forecast,40 wk ahead inc case,2022-12-17,ES,quantile,0.3,407
2022-03-13,forecast,40 wk ahead inc case,2022-12-17,ES,quantile,0.35,408
2022-03-13,forecast,40 wk ahead inc case,2022-12-17,ES,quantile,0.4,408
2022-03-13,forecast,40 wk ahead inc case,2022-12-17,ES,quantile,0.45,410
2022-03-13,forecast,40 wk ahead inc case,2022-12-17,ES,quantile,0.5,413
2022-03-13,forecast,40 wk ahead inc case,2022-12-17,ES,quantile,0.55,415
2022-03-13,forecast,40 wk ahead inc case,2022-12-17,ES,quantile,0.6,418
2022-03-13,forecast,40 wk ahead inc case,2022-12-17,ES,quantile,0.65,421
2022-03-13,forecast,40 wk ahead inc case,2022-12-17,ES,quantile,0.7,425
2022-03-13,forecast,40 wk ahead inc case,2022-12-17,ES,quantile,0.75,428
2022-03-13,forecast,40 wk ahead inc case,2022-12-17,ES,quantile,0.8,440
2022-03-13,forecast,40 wk ahead inc case,2022-12-17,ES,quantile,0.85,451
2022-03-13,forecast,40 wk ahead inc case,2022-12-17,ES,quantile,0.9,463
2022-03-13,forecast,40 wk ahead inc case,2022-12-17,ES,quantile,0.95,467
2022-03-13,forecast,40 wk ahead inc case,2022-12-17,ES,quantile,975,467
2022-03-13,forecast,40 wk ahead inc case,2022-12-17,ES,quantile,0.99,467
2022-03-13,forecast,41 wk ahead inc case,2022-12-24,ES,point,NA,301
2022-03-13,forecast,41 wk ahead inc case,2022-12-24,ES,quantile,0.01,279
2022-03-13,forecast,41 wk ahead inc case,2022-12-24,ES,quantile,25,279
2022-03-13,forecast,41 wk ahead inc case,2022-12-24,ES,quantile,0.05,279
2022-03-13,forecast,41 wk ahead inc case,2022-12-24,ES,quantile,0.1,280
2022-03-13,forecast,41 wk ahead inc case,2022-12-24,ES,quantile,0.15,283
2022-03-13,forecast,41 wk ahead inc case,2022-12-24,ES,quantile,0.2,286
2022-03-13,forecast,41 wk ahead inc case,2022-12-24,ES,quantile,0.25,289
2022-03-13,forecast,41 wk ahead inc case,2022-12-24,ES,quantile,0.3,289
2022-03-13,forecast,41 wk ahead inc case,2022-12-24,ES,quantile,0.35,289
2022-03-13,forecast,41 wk ahead inc case,2022-12-24,ES,quantile,0.4,289
2022-03-13,forecast,41 wk ahead inc case,2022-12-24,ES,quantile,0.45,290
2022-03-13,forecast,41 wk ahead inc case,2022-12-24,ES,quantile,0.5,293
2022-03-13,forecast,41 wk ahead inc case,2022-12-24,ES,quantile,0.55,295
2022-03-13,forecast,41 wk ahead inc case,2022-12-24,ES,quantile,0.6,298
2022-03-13,forecast,41 wk ahead inc case,2022-12-24,ES,quantile,0.65,304
2022-03-13,forecast,41 wk ahead inc case,2022-12-24,ES,quantile,0.7,311
2022-03-13,forecast,41 wk ahead inc case,2022-12-24,ES,quantile,0.75,317
2022-03-13,forecast,41 wk ahead inc case,2022-12-24,ES,quantile,0.8,322
2022-03-13,forecast,41 wk ahead inc case,2022-12-24,ES,quantile,0.85,328
2022-03-13,forecast,41 wk ahead inc case,2022-12-24,ES,quantile,0.9,333
2022-03-13,forecast,41 wk ahead inc case,2022-12-24,ES,quantile,0.95,335
2022-03-13,forecast,41 wk ahead inc case,2022-12-24,ES,quantile,975,335
2022-03-13,forecast,41 wk ahead inc case,2022-12-24,ES,quantile,0.99,335
2022-03-13,forecast,42 wk ahead inc case,2022-12-31,ES,point,NA,236
2022-03-13,forecast,42 wk ahead inc case,2022-12-31,ES,quantile,0.01,189
2022-03-13,forecast,42 wk ahead inc case,2022-12-31,ES,quantile,25,189
2022-03-13,forecast,42 wk ahead inc case,2022-12-31,ES,quantile,0.05,189
2022-03-13,forecast,42 wk ahead inc case,2022-12-31,ES,quantile,0.1,190
2022-03-13,forecast,42 wk ahead inc case,2022-12-31,ES,quantile,0.15,195
2022-03-13,forecast,42 wk ahead inc case,2022-12-31,ES,quantile,0.2,199
2022-03-13,forecast,42 wk ahead inc case,2022-12-31,ES,quantile,0.25,203
2022-03-13,forecast,42 wk ahead inc case,2022-12-31,ES,quantile,0.3,209
2022-03-13,forecast,42 wk ahead inc case,2022-12-31,ES,quantile,0.35,216
2022-03-13,forecast,42 wk ahead inc case,2022-12-31,ES,quantile,0.4,222
2022-03-13,forecast,42 wk ahead inc case,2022-12-31,ES,quantile,0.45,228
2022-03-13,forecast,42 wk ahead inc case,2022-12-31,ES,quantile,0.5,234
2022-03-13,forecast,42 wk ahead inc case,2022-12-31,ES,quantile,0.55,240
2022-03-13,forecast,42 wk ahead inc case,2022-12-31,ES,quantile,0.6,247
2022-03-13,forecast,42 wk ahead inc case,2022-12-31,ES,quantile,0.65,256
2022-03-13,forecast,42 wk ahead inc case,2022-12-31,ES,quantile,0.7,265
2022-03-13,forecast,42 wk ahead inc case,2022-12-31,ES,quantile,0.75,274
2022-03-13,forecast,42 wk ahead inc case,2022-12-31,ES,quantile,0.8,277
2022-03-13,forecast,42 wk ahead inc case,2022-12-31,ES,quantile,0.85,279
2022-03-13,forecast,42 wk ahead inc case,2022-12-31,ES,quantile,0.9,282
2022-03-13,forecast,42 wk ahead inc case,2022-12-31,ES,quantile,0.95,283
2022-03-13,forecast,42 wk ahead inc case,2022-12-31,ES,quantile,975,283
2022-03-13,forecast,42 wk ahead inc case,2022-12-31,ES,quantile,0.99,283
2022-03-13,forecast,43 wk ahead inc case,2023-01-07,ES,point,NA,199
2022-03-13,forecast,43 wk ahead inc case,2023-01-07,ES,quantile,0.01,138
2022-03-13,forecast,43 wk ahead inc case,2023-01-07,ES,quantile,25,138
2022-03-13,forecast,43 wk ahead inc case,2023-01-07,ES,quantile,0.05,138
2022-03-13,forecast,43 wk ahead inc case,2023-01-07,ES,quantile,0.1,140
2022-03-13,forecast,43 wk ahead inc case,2023-01-07,ES,quantile,0.15,145
2022-03-13,forecast,43 wk ahead inc case,2023-01-07,ES,quantile,0.2,151
2022-03-13,forecast,43 wk ahead inc case,2023-01-07,ES,quantile,0.25,156
2022-03-13,forecast,43 wk ahead inc case,2023-01-07,ES,quantile,0.3,164
2022-03-13,forecast,43 wk ahead inc case,2023-01-07,ES,quantile,0.35,172
2022-03-13,forecast,43 wk ahead inc case,2023-01-07,ES,quantile,0.4,179
2022-03-13,forecast,43 wk ahead inc case,2023-01-07,ES,quantile,0.45,189
2022-03-13,forecast,43 wk ahead inc case,2023-01-07,ES,quantile,0.5,199
2022-03-13,forecast,43 wk ahead inc case,2023-01-07,ES,quantile,0.55,209
2022-03-13,forecast,43 wk ahead inc case,2023-01-07,ES,quantile,0.6,218
2022-03-13,forecast,43 wk ahead inc case,2023-01-07,ES,quantile,0.65,224
2022-03-13,forecast,43 wk ahead inc case,2023-01-07,ES,quantile,0.7,231
2022-03-13,forecast,43 wk ahead inc case,2023-01-07,ES,quantile,0.75,237
2022-03-13,forecast,43 wk ahead inc case,2023-01-07,ES,quantile,0.8,246
2022-03-13,forecast,43 wk ahead inc case,2023-01-07,ES,quantile,0.85,254
2022-03-13,forecast,43 wk ahead inc case,2023-01-07,ES,quantile,0.9,263
2022-03-13,forecast,43 wk ahead inc case,2023-01-07,ES,quantile,0.95,266
2022-03-13,forecast,43 wk ahead inc case,2023-01-07,ES,quantile,975,266
2022-03-13,forecast,43 wk ahead inc case,2023-01-07,ES,quantile,0.99,266
2022-03-13,forecast,44 wk ahead inc case,2023-01-14,ES,point,NA,182
2022-03-13,forecast,44 wk ahead inc case,2023-01-14,ES,quantile,0.01,114
2022-03-13,forecast,44 wk ahead inc case,2023-01-14,ES,quantile,25,114
2022-03-13,forecast,44 wk ahead inc case,2023-01-14,ES,quantile,0.05,114
2022-03-13,forecast,44 wk ahead inc case,2023-01-14,ES,quantile,0.1,115
2022-03-13,forecast,44 wk ahead inc case,2023-01-14,ES,quantile,0.15,118
2022-03-13,forecast,44 wk ahead inc case,2023-01-14,ES,quantile,0.2,120
2022-03-13,forecast,44 wk ahead inc case,2023-01-14,ES,quantile,0.25,123
2022-03-13,forecast,44 wk ahead inc case,2023-01-14,ES,quantile,0.3,138
2022-03-13,forecast,44 wk ahead inc case,2023-01-14,ES,quantile,0.35,154
2022-03-13,forecast,44 wk ahead inc case,2023-01-14,ES,quantile,0.4,169
2022-03-13,forecast,44 wk ahead inc case,2023-01-14,ES,quantile,0.45,177
2022-03-13,forecast,44 wk ahead inc case,2023-01-14,ES,quantile,0.5,181
2022-03-13,forecast,44 wk ahead inc case,2023-01-14,ES,quantile,0.55,185
2022-03-13,forecast,44 wk ahead inc case,2023-01-14,ES,quantile,0.6,192
2022-03-13,forecast,44 wk ahead inc case,2023-01-14,ES,quantile,0.65,205
2022-03-13,forecast,44 wk ahead inc case,2023-01-14,ES,quantile,0.7,218
2022-03-13,forecast,44 wk ahead inc case,2023-01-14,ES,quantile,0.75,231
2022-03-13,forecast,44 wk ahead inc case,2023-01-14,ES,quantile,0.8,239
2022-03-13,forecast,44 wk ahead inc case,2023-01-14,ES,quantile,0.85,248
2022-03-13,forecast,44 wk ahead inc case,2023-01-14,ES,quantile,0.9,256
2022-03-13,forecast,44 wk ahead inc case,2023-01-14,ES,quantile,0.95,259
2022-03-13,forecast,44 wk ahead inc case,2023-01-14,ES,quantile,975,259
2022-03-13,forecast,44 wk ahead inc case,2023-01-14,ES,quantile,0.99,259
2022-03-13,forecast,45 wk ahead inc case,2023-01-21,ES,point,NA,189
2022-03-13,forecast,45 wk ahead inc case,2023-01-21,ES,quantile,0.01,103
2022-03-13,forecast,45 wk ahead inc case,2023-01-21,ES,quantile,25,103
2022-03-13,forecast,45 wk ahead inc case,2023-01-21,ES,quantile,0.05,103
2022-03-13,forecast,45 wk ahead inc case,2023-01-21,ES,quantile,0.1,105
2022-03-13,forecast,45 wk ahead inc case,2023-01-21,ES,quantile,0.15,109
2022-03-13,forecast,45 wk ahead inc case,2023-01-21,ES,quantile,0.2,114
2022-03-13,forecast,45 wk ahead inc case,2023-01-21,ES,quantile,0.25,119
2022-03-13,forecast,45 wk ahead inc case,2023-01-21,ES,quantile,0.3,137
2022-03-13,forecast,45 wk ahead inc case,2023-01-21,ES,quantile,0.35,155
2022-03-13,forecast,45 wk ahead inc case,2023-01-21,ES,quantile,0.4,173
2022-03-13,forecast,45 wk ahead inc case,2023-01-21,ES,quantile,0.45,187
2022-03-13,forecast,45 wk ahead inc case,2023-01-21,ES,quantile,0.5,198
2022-03-13,forecast,45 wk ahead inc case,2023-01-21,ES,quantile,0.55,209
2022-03-13,forecast,45 wk ahead inc case,2023-01-21,ES,quantile,0.6,218
2022-03-13,forecast,45 wk ahead inc case,2023-01-21,ES,quantile,0.65,222
2022-03-13,forecast,45 wk ahead inc case,2023-01-21,ES,quantile,0.7,226
2022-03-13,forecast,45 wk ahead inc case,2023-01-21,ES,quantile,0.75,230
2022-03-13,forecast,45 wk ahead inc case,2023-01-21,ES,quantile,0.8,246
2022-03-13,forecast,45 wk ahead inc case,2023-01-21,ES,quantile,0.85,262
2022-03-13,forecast,45 wk ahead inc case,2023-01-21,ES,quantile,0.9,278
2022-03-13,forecast,45 wk ahead inc case,2023-01-21,ES,quantile,0.95,283
2022-03-13,forecast,45 wk ahead inc case,2023-01-21,ES,quantile,975,283
2022-03-13,forecast,45 wk ahead inc case,2023-01-21,ES,quantile,0.99,283
2022-03-13,forecast,46 wk ahead inc case,2023-01-28,ES,point,NA,215
2022-03-13,forecast,46 wk ahead inc case,2023-01-28,ES,quantile,0.01,107
2022-03-13,forecast,46 wk ahead inc case,2023-01-28,ES,quantile,25,107
2022-03-13,forecast,46 wk ahead inc case,2023-01-28,ES,quantile,0.05,107
2022-03-13,forecast,46 wk ahead inc case,2023-01-28,ES,quantile,0.1,108
2022-03-13,forecast,46 wk ahead inc case,2023-01-28,ES,quantile,0.15,111
2022-03-13,forecast,46 wk ahead inc case,2023-01-28,ES,quantile,0.2,115
2022-03-13,forecast,46 wk ahead inc case,2023-01-28,ES,quantile,0.25,118
2022-03-13,forecast,46 wk ahead inc case,2023-01-28,ES,quantile,0.3,144
2022-03-13,forecast,46 wk ahead inc case,2023-01-28,ES,quantile,0.35,169
2022-03-13,forecast,46 wk ahead inc case,2023-01-28,ES,quantile,0.4,195
2022-03-13,forecast,46 wk ahead inc case,2023-01-28,ES,quantile,0.45,212
2022-03-13,forecast,46 wk ahead inc case,2023-01-28,ES,quantile,0.5,225
2022-03-13,forecast,46 wk ahead inc case,2023-01-28,ES,quantile,0.55,238
2022-03-13,forecast,46 wk ahead inc case,2023-01-28,ES,quantile,0.6,250
2022-03-13,forecast,46 wk ahead inc case,2023-01-28,ES,quantile,0.65,257
2022-03-13,forecast,46 wk ahead inc case,2023-01-28,ES,quantile,0.7,265
2022-03-13,forecast,46 wk ahead inc case,2023-01-28,ES,quantile,0.75,272
2022-03-13,forecast,46 wk ahead inc case,2023-01-28,ES,quantile,0.8,294
2022-03-13,forecast,46 wk ahead inc case,2023-01-28,ES,quantile,0.85,316
2022-03-13,forecast,46 wk ahead inc case,2023-01-28,ES,quantile,0.9,338
2022-03-13,forecast,46 wk ahead inc case,2023-01-28,ES,quantile,0.95,345
2022-03-13,forecast,46 wk ahead inc case,2023-01-28,ES,quantile,975,345
2022-03-13,forecast,46 wk ahead inc case,2023-01-28,ES,quantile,0.99,345
2022-03-13,forecast,47 wk ahead inc case,2023-02-04,ES,point,NA,270
2022-03-13,forecast,47 wk ahead inc case,2023-02-04,ES,quantile,0.01,129
2022-03-13,forecast,47 wk ahead inc case,2023-02-04,ES,quantile,25,129
2022-03-13,forecast,47 wk ahead inc case,2023-02-04,ES,quantile,0.05,129
2022-03-13,forecast,47 wk ahead inc case,2023-02-04,ES,quantile,0.1,131
2022-03-13,forecast,47 wk ahead inc case,2023-02-04,ES,quantile,0.15,137
2022-03-13,forecast,47 wk ahead inc case,2023-02-04,ES,quantile,0.2,143
2022-03-13,forecast,47 wk ahead inc case,2023-02-04,ES,quantile,0.25,149
2022-03-13,forecast,47 wk ahead inc case,2023-02-04,ES,quantile,0.3,178
2022-03-13,forecast,47 wk ahead inc case,2023-02-04,ES,quantile,0.35,207
2022-03-13,forecast,47 wk ahead inc case,2023-02-04,ES,quantile,0.4,235
2022-03-13,forecast,47 wk ahead inc case,2023-02-04,ES,quantile,0.45,260
2022-03-13,forecast,47 wk ahead inc case,2023-02-04,ES,quantile,0.5,282
2022-03-13,forecast,47 wk ahead inc case,2023-02-04,ES,quantile,0.55,303
2022-03-13,forecast,47 wk ahead inc case,2023-02-04,ES,quantile,0.6,322
2022-03-13,forecast,47 wk ahead inc case,2023-02-04,ES,quantile,0.65,332
2022-03-13,forecast,47 wk ahead inc case,2023-02-04,ES,quantile,0.7,343
2022-03-13,forecast,47 wk ahead inc case,2023-02-04,ES,quantile,0.75,353
2022-03-13,forecast,47 wk ahead inc case,2023-02-04,ES,quantile,0.8,374
2022-03-13,forecast,47 wk ahead inc case,2023-02-04,ES,quantile,0.85,396
2022-03-13,forecast,47 wk ahead inc case,2023-02-04,ES,quantile,0.9,417
2022-03-13,forecast,47 wk ahead inc case,2023-02-04,ES,quantile,0.95,424
2022-03-13,forecast,47 wk ahead inc case,2023-02-04,ES,quantile,975,424
2022-03-13,forecast,47 wk ahead inc case,2023-02-04,ES,quantile,0.99,424
2022-03-13,forecast,48 wk ahead inc case,2023-02-11,ES,point,NA,352
2022-03-13,forecast,48 wk ahead inc case,2023-02-11,ES,quantile,0.01,145
2022-03-13,forecast,48 wk ahead inc case,2023-02-11,ES,quantile,25,145
2022-03-13,forecast,48 wk ahead inc case,2023-02-11,ES,quantile,0.05,145
2022-03-13,forecast,48 wk ahead inc case,2023-02-11,ES,quantile,0.1,149
2022-03-13,forecast,48 wk ahead inc case,2023-02-11,ES,quantile,0.15,160
2022-03-13,forecast,48 wk ahead inc case,2023-02-11,ES,quantile,0.2,172
2022-03-13,forecast,48 wk ahead inc case,2023-02-11,ES,quantile,0.25,183
2022-03-13,forecast,48 wk ahead inc case,2023-02-11,ES,quantile,0.3,224
2022-03-13,forecast,48 wk ahead inc case,2023-02-11,ES,quantile,0.35,265
2022-03-13,forecast,48 wk ahead inc case,2023-02-11,ES,quantile,0.4,305
2022-03-13,forecast,48 wk ahead inc case,2023-02-11,ES,quantile,0.45,340
2022-03-13,forecast,48 wk ahead inc case,2023-02-11,ES,quantile,0.5,372
2022-03-13,forecast,48 wk ahead inc case,2023-02-11,ES,quantile,0.55,404
2022-03-13,forecast,48 wk ahead inc case,2023-02-11,ES,quantile,0.6,429
2022-03-13,forecast,48 wk ahead inc case,2023-02-11,ES,quantile,0.65,441
2022-03-13,forecast,48 wk ahead inc case,2023-02-11,ES,quantile,0.7,453
2022-03-13,forecast,48 wk ahead inc case,2023-02-11,ES,quantile,0.75,465
2022-03-13,forecast,48 wk ahead inc case,2023-02-11,ES,quantile,0.8,497
2022-03-13,forecast,48 wk ahead inc case,2023-02-11,ES,quantile,0.85,530
2022-03-13,forecast,48 wk ahead inc case,2023-02-11,ES,quantile,0.9,562
2022-03-13,forecast,48 wk ahead inc case,2023-02-11,ES,quantile,0.95,573
2022-03-13,forecast,48 wk ahead inc case,2023-02-11,ES,quantile,975,573
2022-03-13,forecast,48 wk ahead inc case,2023-02-11,ES,quantile,0.99,573
2022-03-13,forecast,49 wk ahead inc case,2023-02-18,ES,point,NA,491
2022-03-13,forecast,49 wk ahead inc case,2023-02-18,ES,quantile,0.01,193
2022-03-13,forecast,49 wk ahead inc case,2023-02-18,ES,quantile,25,193
2022-03-13,forecast,49 wk ahead inc case,2023-02-18,ES,quantile,0.05,193
2022-03-13,forecast,49 wk ahead inc case,2023-02-18,ES,quantile,0.1,200
2022-03-13,forecast,49 wk ahead inc case,2023-02-18,ES,quantile,0.15,220
2022-03-13,forecast,49 wk ahead inc case,2023-02-18,ES,quantile,0.2,240
2022-03-13,forecast,49 wk ahead inc case,2023-02-18,ES,quantile,0.25,260
2022-03-13,forecast,49 wk ahead inc case,2023-02-18,ES,quantile,0.3,319
2022-03-13,forecast,49 wk ahead inc case,2023-02-18,ES,quantile,0.35,378
2022-03-13,forecast,49 wk ahead inc case,2023-02-18,ES,quantile,0.4,437
2022-03-13,forecast,49 wk ahead inc case,2023-02-18,ES,quantile,0.45,485
2022-03-13,forecast,49 wk ahead inc case,2023-02-18,ES,quantile,0.5,528
2022-03-13,forecast,49 wk ahead inc case,2023-02-18,ES,quantile,0.55,570
2022-03-13,forecast,49 wk ahead inc case,2023-02-18,ES,quantile,0.6,600
2022-03-13,forecast,49 wk ahead inc case,2023-02-18,ES,quantile,0.65,608
2022-03-13,forecast,49 wk ahead inc case,2023-02-18,ES,quantile,0.7,616
2022-03-13,forecast,49 wk ahead inc case,2023-02-18,ES,quantile,0.75,623
2022-03-13,forecast,49 wk ahead inc case,2023-02-18,ES,quantile,0.8,680
2022-03-13,forecast,49 wk ahead inc case,2023-02-18,ES,quantile,0.85,738
2022-03-13,forecast,49 wk ahead inc case,2023-02-18,ES,quantile,0.9,795
2022-03-13,forecast,49 wk ahead inc case,2023-02-18,ES,quantile,0.95,814
2022-03-13,forecast,49 wk ahead inc case,2023-02-18,ES,quantile,975,814
2022-03-13,forecast,49 wk ahead inc case,2023-02-18,ES,quantile,0.99,814
2022-03-13,forecast,50 wk ahead inc case,2023-02-25,ES,point,NA,708
2022-03-13,forecast,50 wk ahead inc case,2023-02-25,ES,quantile,0.01,258
2022-03-13,forecast,50 wk ahead inc case,2023-02-25,ES,quantile,25,258
2022-03-13,forecast,50 wk ahead inc case,2023-02-25,ES,quantile,0.05,258
2022-03-13,forecast,50 wk ahead inc case,2023-02-25,ES,quantile,0.1,270
2022-03-13,forecast,50 wk ahead inc case,2023-02-25,ES,quantile,0.15,305
2022-03-13,forecast,50 wk ahead inc case,2023-02-25,ES,quantile,0.2,340
2022-03-13,forecast,50 wk ahead inc case,2023-02-25,ES,quantile,0.25,375
2022-03-13,forecast,50 wk ahead inc case,2023-02-25,ES,quantile,0.3,457
2022-03-13,forecast,50 wk ahead inc case,2023-02-25,ES,quantile,0.35,539
2022-03-13,forecast,50 wk ahead inc case,2023-02-25,ES,quantile,0.4,622
2022-03-13,forecast,50 wk ahead inc case,2023-02-25,ES,quantile,0.45,693
2022-03-13,forecast,50 wk ahead inc case,2023-02-25,ES,quantile,0.5,760
2022-03-13,forecast,50 wk ahead inc case,2023-02-25,ES,quantile,0.55,826
2022-03-13,forecast,50 wk ahead inc case,2023-02-25,ES,quantile,0.6,872
2022-03-13,forecast,50 wk ahead inc case,2023-02-25,ES,quantile,0.65,878
2022-03-13,forecast,50 wk ahead inc case,2023-02-25,ES,quantile,0.7,885
2022-03-13,forecast,50 wk ahead inc case,2023-02-25,ES,quantile,0.75,891
2022-03-13,forecast,50 wk ahead inc case,2023-02-25,ES,quantile,0.8,986
2022-03-13,forecast,50 wk ahead inc case,2023-02-25,ES,quantile,0.85,1081
2022-03-13,forecast,50 wk ahead inc case,2023-02-25,ES,quantile,0.9,1175
2022-03-13,forecast,50 wk ahead inc case,2023-02-25,ES,quantile,0.95,1207
2022-03-13,forecast,50 wk ahead inc case,2023-02-25,ES,quantile,975,1207
2022-03-13,forecast,50 wk ahead inc case,2023-02-25,ES,quantile,0.99,1207
